序号,字,拼音,组词1,组词1拼音,组词2,组词2拼音,备注
0,的,de / dī / dí,真的,zhēn de,的话,de huà,
1,是,shì,不是,bú shì,就是,jiù shì,
2,一,yī,一个,yí gè,一些,yì xiē,
3,在,zài,现在,xiàn zài,存在,cún zài,
4,不,bù,不是,bú shì,不能,bù néng,
5,人,rén,人民,rén mín,人们,rén men,
6,有,yǒu,有人,yǒu rén,没有,méi yǒu,
7,了,le / liǎo / liào,不了,bù liǎo,为了,wèi le,
8,我,wǒ,我们,wǒ men,我国,wǒ guó,
9,国,guó,中国,zhōng guó,国家,guó jiā,
10,这,zhè / zhèi,这是,zhè shì,这个,zhè ge,
11,为,wèi / wéi,为了,wèi le,因为,yīn wèi,
12,中,zhōng / zhòng,中国,zhōng guó,其中,qí zhōng,
13,个,gè / gě,一个,yí gè,这个,zhè ge,
14,大,dà / dài,大学,dà xué,大家,dà jiā,
15,会,huì / kuài,不会,bú huì,大会,dà huì,
16,们,men,我们,wǒ men,人们,rén men,
17,他,tā,他们,tā men,他人,tā rén,
18,来,lái,起来,qǐ lái,出来,chū lái,
19,和,hé / hè / hú,和平,hé píng,和谐,hé xié,
20,年,nián,一年,yī nián,年代,nián dài,
21,上,shàng / shǎng,上海,shàng hǎi,以上,yǐ shàng,
22,以,yǐ,以上,yǐ shàng,以来,yǐ lái,
23,要,yào / yāo,不要,bú yào,需要,xū yào,
24,到,dào,不到,bú dào,看到,kàn dào,
25,时,shí,有时,yǒu shí,时间,shí jiān,
26,对,duì,对于,duì yú,反对,fǎn duì,
27,么,me / ma,这么,zhè me,什么,shén me,
28,能,néng,不能,bù néng,可能,kě néng,
29,你,nǐ,你们,nǐ men,你好,ní hǎo,
30,就,jiù,就是,jiù shì,就要,jiù yào,
31,发,fā / fà,发展,fā zhǎn,发生,fā shēng,
32,可,kě / kè,可以,ké yǐ,可能,kě néng,
33,地,dì / de,地区,dì qū,地方,dì fāng,
34,生,shēng,发生,fā shēng,生活,shēng huó,
35,家,jiā,国家,guó jiā,大家,dà jiā,
36,出,chū,出来,chū lái,发出,fā chū,
37,也,yě,也许,yé xǔ,再也,zài yě,
38,说,shuō / shuì,来说,lái shuō,说明,shuō míng,
39,于,yú,对于,duì yú,在于,zài yú,
40,学,xué,学生,xué shēng,大学,dà xué,
41,后,hòu,以后,yǐ hòu,后来,hòu lái,
42,成,chéng,成为,chéng wéi,完成,wán chéng,
43,与,yǔ / yù / yú,与会,yù huì,参与,cān yù,
44,过,guò / guō,不过,bú guò,过来,guò lái,
45,行,xíng / háng / héng,行为,xíng wéi,进行,jìn xíng,
46,用,yòng,不用,bú yòng,使用,shǐ yòng,
47,日,rì,生日,shēng rì,日本,rì běn,
48,多,duō,多年,duō nián,多么,duō me,
49,自,zì,来自,lái zì,自我,zì wǒ,
50,现,xiàn,现在,xiàn zài,发现,fā xiàn,
51,都,dōu / dū,大都,dà dū,都行,dōu xíng,
52,没,méi / mò,没有,méi yǒu,有没有,yǒu méi yǒu,
53,作,zuò / zuō,作为,zuò wéi,作用,zuò yòng,
54,下,xià,一下,yī xià,以下,yǐ xià,
55,得,dé / de / děi,得到,dé dào,不得,bù dé,
56,开,kāi,开发,kāi fā,开始,kāi shǐ,
57,经,jīng,经过,jīng guò,已经,yǐ jīng,
58,还,hái / huán,还有,hái yǒu,还是,hái shì,
59,法,fǎ,法国,fǎ guó,无法,wú fǎ,
60,动,dòng,行动,xíng dòng,自动,zì dòng,
61,好,hǎo / hào,不好,bù hǎo,好好,háo hǎo,
62,方,fāng,地方,dì fāng,方法,fāng fǎ,
63,而,ér,而是,ér shì,而且,ér qiě,
64,公,gōng,公开,gōng kāi,公司,gōng sī,
65,子,zi / zǐ,日子,rì zi,孩子,hái zi,
66,事,shì,事件,shì jiàn,事情,shì qíng,
67,分,fēn / fèn,部分,bù fèn,分析,fēn xī,
68,之,zhī,之后,zhī hòu,之一,zhī yī,
69,民,mín,人民,rén mín,公民,gōng mín,
70,主,zhǔ,主要,zhǔ yào,民主,mín zhǔ,
71,里,lǐ,这里,zhè lǐ,公里,gōng lǐ,
72,政,zhèng,行政,xíng zhèng,政府,zhèng fǔ,
73,看,kàn / kān,看到,kàn dào,看看,kàn kàn,
74,吗,ma / má / mǎ,懂吗,dǒng ma,吗啡,mǎ fēi,
75,本,běn,日本,rì běn,本来,běn lái,
76,月,yuè,五月,wǔ yuè,月份,yuè fèn,
77,所,suǒ,所以,suǒ yǐ,所有,suó yǒu,
78,天,tiān,一天,yī tiān,天下,tiān xià,
79,新,xīn,新闻,xīn wén,重新,chóng xīn,
80,业,yè,行业,háng yè,企业,qǐ yè,
81,同,tóng / tòng,同时,tóng shí,不同,bù tóng,
82,全,quán,全国,quán guó,全民,quán mín,
83,定,dìng,一定,yí dìng,决定,jué dìng,
84,部,bù,部分,bù fèn,全部,quán bù,
85,最,zuì,最后,zuì hòu,最大,zuì dà,
86,其,qí,其他,qí tā,其中,qí zhōng,
87,进,jìn,进行,jìn xíng,进入,jìn rù,
88,如,rú,如下,rú xià,不如,bù rú,
89,前,qián,之前,zhī qián,以前,yǐ qián,
90,机,jī,机会,jī huì,机构,jī gòu,
91,美,měi,美国,měi guó,美好,méi hǎo,
92,那,nà / nā / nuó,那么,nà me,那个,nà ge,
93,当,dāng / dàng,当时,dāng shí,当地,dāng dì,
94,工,gōng,工作,gōng zuò,工业,gōng yè,
95,关,guān,关于,guān yú,有关,yǒu guān,
96,实,shí,其实,qí shí,实现,shí xiàn,
97,小,xiǎo,小时,xiǎo shí,小说,xiǎo shuō,
98,被,bèi,被动,bèi dòng,地被,dì bèi,
99,但,dàn,但是,dàn shì,不但,bú dàn,
100,因,yīn,因为,yīn wèi,因而,yīn ér,
101,长,zhǎng / cháng,部长,bù zhǎng,成长,chéng zhǎng,
102,样,yàng,这样,zhè yàng,一样,yī yàng,
103,理,lǐ,管理,guǎn lǐ,处理,chú lǐ,
104,等,děng,等等,děng děng,等于,děng yú,
105,什,shén / shí,什么,shén me,为什么,wèi shén me,
106,道,dào,大道,dà dào,知道,zhī dào,
107,去,qù,过去,guò qù,去年,qù nián,
108,些,xiē,这些,zhè xiē,一些,yì xiē,
109,面,miàn,方面,fāng miàn,里面,lǐ miàn,
110,很,hěn,很多,hěn duō,很大,hěn dà,
111,心,xīn,中心,zhōng xīn,关心,guān xīn,
112,间,jiān / jiàn,时间,shí jiān,之间,zhī jiān,
113,区,qū / ōu,地区,dì qū,小区,xiǎo qū,
114,内,nèi,国内,guó nèi,内部,nèi bù,
115,电,diàn,电子,diàn zi,电影,diàn yǐng,
116,然,rán,然后,rán hòu,当然,dāng rán,
117,力,lì,能力,néng lì,实力,shí lì,
118,起,qǐ,起来,qǐ lái,一起,yì qǐ,
119,体,tǐ / tī,体现,tǐ xiàn,媒体,méi tǐ,
120,只,zhǐ / zhī,只是,zhǐ shì,只有,zhí yǒu,
121,着,zhe / zhāo / zháo,看着,kàn zhe,有着,yǒu zhe,
122,从,cóng,从事,cóng shì,从而,cóng ér,
123,并,bìng / bīng,并用,bìng yòng,并且,bìng qiě,
124,者,zhě,作者,zuò zhě,学者,xué zhě,
125,高,gāo,最高,zuì gāo,高中,gāo zhōng,
126,加,jiā,加上,jiā shàng,参加,cān jiā,
127,想,xiǎng,想要,xiǎng yào,不想,bù xiǎng,
128,文,wén,文学,wén xué,中文,zhōng wén,
129,问,wèn,问问,wèn wèn,问题,wèn tí,
130,种,zhǒng / zhòng,这种,zhè zhǒng,一种,yì zhǒng,
131,员,yuán,人员,rén yuán,成员,chéng yuán,
132,重,zhòng / chóng,重要,zhòng yào,重新,chóng xīn,
133,及,jí,以及,yǐ jí,及其,jí qí,
134,点,diǎn,一点,yì diǎn,重点,zhòng diǎn,
135,将,jiāng / jiàng / qiāng,将会,jiāng huì,将来,jiāng lái,
136,意,yì,同意,tóng yì,注意,zhù yì,
137,合,hé / gě,合作,hé zuò,合法,hé fǎ,
138,产,chǎn,生产,shēng chǎn,产生,chǎn shēng,
139,三,sān,三个,sān gè,三年,sān nián,
140,外,wài,外国,wài guó,国外,guó wài,
141,由,yóu,由于,yóu yú,自由,zì yóu,
142,市,shì,市长,shì zhǎng,上市,shàng shì,
143,无,wú / mó,无法,wú fǎ,无关,wú guān,
144,女,nǚ / rǔ,女人,nǚ rén,女子,nǘ zǐ,
145,已,yǐ,已经,yǐ jīng,而已,ér yǐ,
146,制,zhì,制作,zhì zuò,体制,tǐ zhì,
147,网,wǎng,网上,wǎng shàng,网站,wǎng zhàn,
148,第,dì,第一,dì yī,第三,dì sān,
149,情,qíng,事情,shì qíng,心情,xīn qíng,
150,场,chǎng / cháng,市场,shì chǎng,现场,xiàn chǎng,
151,名,míng,一名,yī míng,名为,míng wèi,
152,应,yīng / yìng,应用,yìng yòng,应当,yīng dāng,
153,西,xī,西方,xī fāng,西部,xī bù,
154,代,dài,时代,shí dài,年代,nián dài,
155,正,zhèng / zhēng,正在,zhèng zài,正是,zhèng shì,
156,表,biǎo,代表,dài biǎo,表现,biǎo xiàn,
157,真,zhēn,真的,zhēn de,真正,zhēn zhèng,
158,此,cǐ,因此,yīn cǐ,如此,rú cǐ,
159,位,wèi,一位,yī wèi,位于,wèi yú,
160,题,tí,问题,wèn tí,主题,zhǔ tí,
161,相,xiāng / xiàng,相关,xiāng guān,相当,xiāng dāng,
162,明,míng,说明,shuō míng,明天,míng tiān,
163,资,zī,资本,zī běn,资产,zī chǎn,
164,计,jì,计划,jì huà,设计,shè jì,
165,建,jiàn,建成,jiàn chéng,重建,chóng jiàn,
166,利,lì,利用,lì yòng,意大利,yì dà lì,
167,系,xì / jì,关系,guān xì,体系,tǐ xì,
168,化,huà / huā,文化,wén huà,化学,huà xué,
169,期,qī,时期,shí qī,期间,qī jiān,
170,特,tè,特点,tè diǎn,特定,tè dìng,
171,性,xìng,女性,nǚ xìng,个性,gè xìng,
172,度,dù / duó,制度,zhì dù,高度,gāo dù,
173,果,guǒ,如果,rú guǒ,成果,chéng guǒ,
174,次,cì,一次,yī cì,这次,zhè cì,
175,给,gěi / jǐ,给出,gěi chū,给予,jí yǔ,
176,让,ràng,不让,bú ràng,就让,jiù ràng,
177,两,liǎng,两个,liǎng gè,两年,liǎng nián,
178,通,tōng / tòng,通过,tōng guò,交通,jiāo tōng,
179,教,jiào / jiāo,教学,jiào xué,教会,jiào huì,
180,任,rèn / rén,主任,zhǔ rèn,现任,xiàn rèn,
181,比,bǐ,比如,bǐ rú,相比,xiāng bǐ,
182,该,gāi,应该,yīng gāi,不该,bù gāi,
183,东,dōng,东西,dōng xī,东方,dōng fāng,
184,活,huó,活动,huó dòng,生活,shēng huó,
185,手,shǒu,手机,shǒu jī,手中,shǒu zhōng,
186,世,shì,去世,qù shì,世上,shì shàng,
187,提,tí / dī,提出,tí chū,提高,tí gāo,
188,或,huò,或者,huò zhě,或是,huò shì,
189,使,shǐ,使用,shǐ yòng,使得,shǐ de,
190,她,tā,她们,tā men,她家,tā jiā,
191,物,wù,人物,rén wù,动物,dòng wù,
192,数,shù / shǔ / shuò,人数,rén shù,多数,duō shù,
193,立,lì,建立,jiàn lì,成立,chéng lì,
194,认,rèn,认为,rèn wéi,认真,rèn zhēn,
195,怎,zěn,怎么,zěn me,怎样,zěn yàng,
196,知,zhī,知道,zhī dào,通知,tōng zhī,
197,结,jié / jiē,结果,jié guǒ,结合,jié hé,
198,入,rù,进入,jìn rù,加入,jiā rù,
199,更,gèng / gēng,更加,gèng jiā,更新,gēng xīn,
200,总,zǒng,总是,zǒng shì,总理,zǒng lǐ,
201,务,wù,任务,rèn wù,业务,yè wù,
202,话,huà,电话,diàn huà,的话,de huà,
203,斯,sī,斯特,sī tè,俄罗斯,é luó sī,
204,统,tǒng,系统,xì tǒng,总统,zǒng tǒng,
205,目,mù,目前,mù qián,目的,mù dì,
206,社,shè,社会,shè huì,社区,shè qū,
207,展,zhǎn,发展,fā zhǎn,开展,kāi zhǎn,
208,战,zhàn,作战,zuò zhàn,大战,dà zhàn,
209,做,zuò,做出,zuò chū,做到,zuò dào,
210,设,shè,建设,jiàn shè,设计,shè jì,
211,安,ān,安全,ān quán,公安,gōng ān,
212,别,bié / biè,特别,tè bié,别人,bié rén,
213,信,xìn,相信,xiāng xìn,信任,xìn rèn,
214,影,yǐng,电影,diàn yǐng,影响,yǐng xiǎng,
215,己,jǐ,自己,zì jǐ,知己,zhī jǐ,
216,受,shòu,受到,shòu dào,接受,jiē shòu,
217,解,jiě / jiè / xiè,了解,liáo jiě,理解,lǐ jiě,
218,军,jūn,军事,jūn shì,将军,jiāng jūn,
219,司,sī,公司,gōng sī,司法,sī fǎ,
220,回,huí,回来,huí lái,回到,huí dào,
221,把,bǎ / bà,一把,yī bǎ,把手,bá shǒu,
222,保,bǎo,保护,bǎo hù,保证,bǎo zhèng,
223,平,píng,和平,hé píng,公平,gōng píng,
224,常,cháng,经常,jīng cháng,正常,zhèng cháng,
225,见,jiàn / xiàn,意见,yì jiàn,看见,kàn jiàn,
226,向,xiàng,方向,fāng xiàng,面向,miàn xiàng,
227,海,hǎi,上海,shàng hǎi,海外,hǎi wài,
228,变,biàn,变化,biàn huà,变成,biàn chéng,
229,报,bào,报道,bào dào,日报,rì bào,
230,治,zhì,政治,zhèng zhì,统治,tǒng zhì,
231,台,tái / tāi,平台,píng tái,电台,diàn tái,
232,爱,ài,爱情,ài qíng,可爱,kě ài,
233,品,pǐn,产品,chǎn pǐn,作品,zuò pǐn,
234,北,běi,东北,dōng běi,北部,běi bù,
235,何,hé,如何,rú hé,任何,rèn hé,
236,接,jiē,接受,jiē shòu,接着,jiē zhe,
237,界,jiè,世界,shì jiè,全世界,quán shì jiè,
238,论,lùn / lún,理论,lǐ lùn,无论,wú lùn,
239,组,zǔ,组成,zǔ chéng,小组,xiǎo zǔ,
240,件,jiàn,事件,shì jiàn,文件,wén jiàn,
241,权,quán,权利,quán lì,权力,quán lì,
242,选,xuǎn,当选,dāng xuǎn,选手,xuǎn shǒu,
243,府,fǔ,政府,zhèng fǔ,市政府,shì zhèng fǔ,
244,议,yì,会议,huì yì,建议,jiàn yì,
245,少,shǎo / shào,多少,duō shǎo,不少,bù shǎo,
246,它,tā,它们,tā men,其它,qí tā,
247,共,gòng,共同,gòng tóng,公共,gōng gòng,
248,运,yùn,运动,yùn dòng,运用,yùn yòng,
249,车,chē / jū,开车,kāi chē,车上,chē shàng,
250,至,zhì,至少,zhì shǎo,至于,zhì yú,
251,记,jì,记者,jì zhě,记得,jì de,
252,又,yòu,又名,yòu míng,又称,yòu chēng,
253,原,yuán,原因,yuán yīn,原来,yuán lái,
254,金,jīn,资金,zī jīn,现金,xiàn jīn,
255,身,shēn,身体,shēn tǐ,身上,shēn shàng,
256,式,shì,方式,fāng shì,正式,zhèng shì,
257,老,lǎo,老人,lǎo rén,老公,lǎo gōng,
258,路,lù,道路,dào lù,公路,gōng lù,
259,决,jué,决定,jué dìng,解决,jiě jué,
260,科,kē,科学,kē xué,学科,xué kē,
261,联,lián,联系,lián xì,联合,lián hé,
262,视,shì,电视,diàn shì,重视,zhòng shì,
263,口,kǒu,人口,rén kǒu,出口,chū kǒu,
264,处,chù / chǔ,处理,chú lǐ,处于,chǔ yú,
265,各,gè,各种,gè zhǒng,各国,gè guó,
266,持,chí,保持,bǎo chí,主持,zhǔ chí,
267,站,zhàn,网站,wǎng zhàn,车站,chē zhàn,
268,量,liàng / liáng,力量,lì liàng,大量,dà liàng,
269,交,jiāo,交通,jiāo tōng,外交,wài jiāo,
270,万,wàn / mò,万人,wàn rén,万一,wàn yī,
271,直,zhí,一直,yì zhí,直接,zhí jiē,
272,反,fǎn,反对,fǎn duì,反应,fǎn yìng,
273,南,nán / nā,南部,nán bù,南方,nán fāng,
274,打,dǎ / dá,打开,dǎ kāi,打电话,dǎ diàn huà,
275,据,jù / jū,数据,shù jù,据说,jù shuō,
276,基,jī,基本,jī běn,基地,jī dì,
277,始,shǐ,开始,kāi shǐ,原始,yuán shǐ,
278,再,zài,不再,bú zài,再次,zài cì,
279,快,kuài,很快,hěn kuài,加快,jiā kuài,
280,水,shuǐ,水平,shuǐ píng,水果,shuǐ guǒ,
281,门,mén,部门,bù mén,门口,mén kǒu,
282,十,shí,十分,shí fēn,十年,shí nián,
283,感,gǎn,感到,gǎn dào,感受,gǎn shòu,
284,程,chéng,过程,guò chéng,工程,gōng chéng,
285,导,dǎo,报导,bào dǎo,领导,lǐng dǎo,
286,传,chuán / zhuàn,传统,chuán tǒng,传说,chuán shuō,
287,院,yuàn,学院,xué yuàn,法院,fǎ yuàn,
288,才,cái,才能,cái néng,人才,rén cái,
289,放,fàng,开放,kāi fàng,放在,fàng zài,
290,今,jīn,今天,jīn tiān,今年,jīn nián,
291,术,shù / zhú,学术,xué shù,手术,shǒu shù,
292,强,qiáng / jiàng / qiǎng,加强,jiā qiáng,强大,qiáng dà,
293,元,yuán,美元,měi yuán,万元,wàn yuán,
294,完,wán,完全,wán quán,完成,wán chéng,
295,号,hào / háo,信号,xìn hào,口号,kǒu hào,
296,图,tú,地图,dì tú,图片,tú piàn,
297,规,guī,规定,guī dìng,法规,fǎ guī,
298,改,gǎi,改变,gǎi biàn,改进,gǎi jìn,
299,管,guǎn,管理,guǎn lǐ,不管,bù guǎn,
300,划,huà / huá,计划,jì huà,规划,guī huà,
301,亚,yà,东亚,dōng yà,西亚,xī yà,
302,领,lǐng,领导,lǐng dǎo,领导人,lǐng dǎo rén,
303,际,jì,国际,guó jì,实际,shí jì,
304,单,dān / chán / shàn,单位,dān wèi,名单,míng dān,
305,头,tóu / tou,头发,tóu fà,回头,huí tóu,
306,二,èr,第二,dì èr,二人,èr rén,
307,尔,ěr,比尔,bǐ ěr,偶尔,ǒu ěr,
308,需,xū,需要,xū yào,无需,wú xū,
309,布,bù,发布,fā bù,公布,gōng bù,
310,达,dá,达到,dá dào,表达,biǎo dá,
311,队,duì,军队,jūn duì,部队,bù duì,
312,片,piàn / piān,图片,tú piàn,影片,yǐng piàn,
313,求,qiú,要求,yāo qiú,需求,xū qiú,
314,非,fēi,非常,fēi cháng,非法,fēi fǎ,
315,历,lì,经历,jīng lì,学历,xué lì,
316,每,měi,每个,měi gè,每天,měi tiān,
317,书,shū,书记,shū jì,本书,běn shū,
318,指,zhǐ,指出,zhǐ chū,指导,zhǐ dǎo,
319,马,mǎ,马上,mǎ shàng,马路,mǎ lù,
320,广,guǎng / yǎn,广场,guáng chǎng,广大,guǎng dà,
321,党,dǎng,共产党,gòng chán dǎng,政党,zhèng dǎng,
322,几,jǐ / jī,几个,jǐ gè,几天,jǐ tiān,
323,太,tài,太太,tài tài,不太,bù tài,
324,先,xiān,先生,xiān shēng,先进,xiān jìn,
325,带,dài,带来,dài lái,一带,yī dài,
326,游,yóu,游行,yóu xíng,下游,xià yóu,
327,城,chéng,城市,chéng shì,城区,chéng qū,
328,办,bàn,办法,bàn fǎ,怎么办,zěn me bàn,
329,球,qiú,全球,quán qiú,地球,dì qiú,
330,色,sè / shǎi,特色,tè sè,角色,jué sè,
331,觉,jué / jiào,觉得,jué de,感觉,gǎn jué,
332,义,yì,意义,yì yì,主义,zhǔ yì,
333,级,jí,高级,gāo jí,一级,yī jí,
334,师,shī,老师,lǎo shī,教师,jiào shī,
335,专,zhuān,专业,zhuān yè,专家,zhuān jiā,
336,类,lèi,人类,rén lèi,分类,fēn lèi,
337,约,yuē / yāo,大约,dà yuē,约定,yuē dìng,
338,集,jí,集中,jí zhōng,集体,jí tǐ,
339,告,gào,报告,bào gào,广告,guǎng gào,
340,技,jì,技术,jì shù,科技,kē jì,
341,团,tuán,集团,jí tuán,团体,tuán tǐ,
342,取,qǔ,取得,qǔ dé,取代,qǔ dài,
343,儿,ér,儿子,ér zi,女儿,nǚ ér,
344,参,cān / cēn / shēn,参加,cān jiā,参与,cān yù,
345,克,kè,马克,mǎ kè,克斯,kè sī,
346,史,shǐ,历史,lì shǐ,史上,shǐ shàng,
347,服,fú / fù,服务,fú wù,说服,shuō fú,
348,格,gé / gē,资格,zī gé,性格,xìng gé,
349,候,hòu,时候,shí hòu,候选人,hòu xuǎn rén,
350,调,diào / tiáo,强调,qiáng diào,调教,tiáo jiào,
351,包,bāo,面包,miàn bāo,包括,bāo kuò,
352,请,qǐng,请求,qǐng qiú,请问,qǐng wèn,
353,德,dé,德国,dé guó,道德,dào dé,
354,必,bì,必要,bì yào,必然,bì rán,
355,拉,lā / lá / là,克拉,kè lā,拉美,lā měi,
356,乐,lè / yuè,快乐,kuài lè,乐团,yuè tuán,
357,许,xǔ,许多,xǔ duō,也许,yé xǔ,
358,造,zào,造成,zào chéng,制造,zhì zào,
359,确,què,确定,què dìng,确实,què shí,
360,气,qì,天气,tiān qì,气候,qì hòu,
361,难,nán / nàn,难道,nán dào,难以,nán yǐ,
362,吧,ba / bā,看吧,kàn ba,网吧,wǎng ba,
363,收,shōu,收入,shōu rù,收到,shōu dào,
364,证,zhèng,证明,zhèng míng,保证,bǎo zhèng,
365,称,chēng / chèn / chèng,称为,chēng wéi,名称,míng chēng,
366,语,yǔ / yù,日语,rì yǔ,法语,fá yǔ,
367,山,shān,山区,shān qū,中山,zhōng shān,
368,死,sǐ,死者,sǐ zhě,死去,sǐ qù,
369,线,xiàn,路线,lù xiàn,在线,zài xiàn,
370,示,shì,表示,biǎo shì,展示,zhǎn shì,
371,条,tiáo,条件,tiáo jiàn,一条,yì tiáo,
372,像,xiàng,好像,hǎo xiàng,像是,xiàng shì,
373,流,liú,交流,jiāo liú,流行,liú xíng,
374,命,mìng,生命,shēng mìng,命运,mìng yùn,
375,根,gēn,根据,gēn jù,根本,gēn běn,
376,则,zé,原则,yuán zé,规则,guī zé,
377,近,jìn,最近,zuì jìn,接近,jiē jìn,
378,济,jì / jǐ,经济,jīng jì,经济学,jīng jì xué,
379,京,jīng,北京,běi jīng,南京,nán jīng,
380,听,tīng / yǐn,听到,tīng dào,听说,tīng shuō,
381,英,yīng,英国,yīng guó,英语,yīng yǔ,
382,士,shì,人士,rén shì,女士,nǚ shì,
383,价,jià / jie / jiè,价格,jià gé,代价,dài jià,
384,推,tuī,推动,tuī dòng,推出,tuī chū,
385,标,biāo,目标,mù biāo,指标,zhǐ biāo,
386,举,jǔ,举行,jǔ xíng,选举,xuǎn jǔ,
387,争,zhēng,战争,zhàn zhēng,争取,zhēng qǔ,
388,友,yǒu,网友,wǎng yǒu,女友,nǚ yǒu,
389,干,gàn / gān,干部,gàn bù,干什么,gàn shén me,
390,支,zhī,支持,zhī chí,一支,yī zhī,
391,委,wěi / wēi,委员会,wěi yuán huì,委员,wěi yuán,
392,四,sì,四个,sì gè,第四,dì sì,
393,续,xù,持续,chí xù,手续,shǒu xù,
394,况,kuàng,情况,qíng kuàng,何况,hé kuàng,
395,准,zhǔn,标准,biāo zhǔn,准确,zhǔn què,
396,形,xíng,形成,xíng chéng,形式,xíng shì,
397,男,nán,男人,nán rén,男子,nán zi,
398,望,wàng,期望,qī wàng,指望,zhǐ wàng,
399,官,guān,官方,guān fāng,官员,guān yuán,
400,且,qiě,而且,ér qiě,并且,bìng qiě,
401,走,zǒu,走向,zǒu xiàng,走出,zǒu chū,
402,失,shī,失去,shī qù,失望,shī wàng,
403,言,yán,语言,yǔ yán,而言,ér yán,
404,备,bèi,准备,zhǔn bèi,设备,shè bèi,
405,容,róng,内容,nèi róng,形容,xíng róng,
406,观,guān / guàn,观点,guān diǎn,观看,guān kàn,
407,华,huá / huà / huā,中华,zhōng huá,华人,huá rén,
408,港,gǎng,港口,gáng kǒu,港元,gǎng yuán,
409,质,zhì,质量,zhì liàng,物质,wù zhì,
410,案,àn,方案,fāng àn,案件,àn jiàn,
411,钱,qián,金钱,jīn qián,有钱,yǒu qián,
412,查,chá / zhā,调查,diào chá,查看,chá kàn,
413,整,zhěng,整个,zhěng gè,调整,tiáo zhěng,
414,未,wèi,未来,wèi lái,从未,cóng wèi,
415,费,fèi,费用,fèi yòng,收费,shōu fèi,
416,空,kōng / kòng,空间,kōng jiān,空气,kōng qì,
417,转,zhuǎn / zhuàn / zhuǎi,转变,zhuǎn biàn,转化,zhuǎn huà,
418,较,jiào,比较,bǐ jiào,较为,jiào wéi,
419,众,zhòng,公众,gōng zhòng,民众,mín zhòng,
420,神,shén,女神,nǚ shén,神经,shén jīng,
421,商,shāng,商业,shāng yè,商品,shāng pǐn,
422,风,fēng,风格,fēng gé,台风,tái fēng,
423,校,xiào / jiào,学校,xué xiào,校长,xiào zhǎng,
424,字,zì,名字,míng zì,数字,shù zì,
425,香,xiāng,香港,xiāng gǎng,香水,xiāng shuǐ,
426,啊,a / ā / á,啊哈,a hā,啊呀,a ya,
427,首,shǒu,首先,shǒu xiān,首次,shǒu cì,
428,州,zhōu,加州,jiā zhōu,州长,zhōu zhǎng,
429,料,liào,资料,zī liào,原料,yuán liào,
430,育,yù,教育,jiào yù,体育,tǐ yù,
431,创,chuàng / chuāng,创新,chuàng xīn,创造,chuàng zào,
432,织,zhī,组织,zǔ zhī,交织,jiāo zhī,
433,却,què,却是,què shì,却说,què shuō,
434,照,zhào,照片,zhào piān,对照,duì zhào,
435,亲,qīn / qìng,亲自,qīn zì,亲爱,qīn ài,
436,识,shí / zhì,认识,rèn shí,知识,zhī shí,
437,消,xiāo,取消,qǔ xiāo,消费,xiāo fèi,
438,研,yán,研发,yán fā,科研,kē yán,
439,离,lí / chī,离开,lí kāi,分离,fēn lí,
440,具,jù,具有,jù yǒu,工具,gōng jù,
441,算,suàn,计算,jì suàn,打算,dǎ suàn,
442,欢,huān,欢乐,huān lè,喜欢,xǐ huān,
443,哪,nǎ / na / né,哪里,ná lǐ,哪个,nǎ ge,
444,型,xíng,大型,dà xíng,类型,lèi xíng,
445,注,zhù,注意,zhù yì,关注,guān zhù,
446,源,yuán,资源,zī yuán,来源,lái yuán,
447,护,hù,保护,bǎo hù,护士,hù shì,
448,连,lián,连续,lián xù,连结,lián jié,
449,节,jié / jiē,节目,jié mù,情节,qíng jié,
450,周,zhōu,周年,zhōu nián,一周,yī zhōu,
451,即,jí,即使,jí shǐ,立即,lì jí,
452,投,tóu,投资,tóu zī,投入,tóu rù,
453,获,huò,获得,huò dé,获取,huò qǔ,
454,音,yīn,音乐,yīn yuè,语音,yǔ yīn,
455,清,qīng,清理,qīng lǐ,高清,gāo qīng,
456,增,zēng,增加,zēng jiā,增长,zēng zhǎng,
457,供,gōng / gòng,提供,tí gōng,供应,gōng yìng,
458,五,wǔ,五年,wǔ nián,五月,wǔ yuè,
459,孩,hái,孩子,hái zi,女孩,nǚ hái,
460,光,guāng,时光,shí guāng,光明,guāng míng,
461,项,xiàng,项目,xiàng mù,一项,yī xiàng,
462,张,zhāng,主张,zhǔ zhāng,一张,yī zhāng,
463,息,xī,信息,xìn xī,消息,xiāo xī,
464,白,bái,明白,míng bái,白色,bái sè,
465,构,gòu,机构,jī gòu,结构,jié gòu,
466,省,shěng / xǐng,全省,quán shěng,省级,shěng jí,
467,律,lǜ,法律,fǎ lǜ,规律,guī lǜ,
468,声,shēng,声音,shēng yīn,声明,shēng míng,
469,演,yǎn,表演,biǎo yǎn,导演,dǎo yǎn,
470,农,nóng,农业,nóng yè,农民,nóng mín,
471,究,jiū,研究,yán jiū,研究所,yán jiū suǒ,
472,器,qì,机器,jī qì,机器人,jī qì rén,
473,边,biān / bian,身边,shēn biān,一边,yī biān,
474,步,bù,进步,jìn bù,进一步,jìn yí bù,
475,喜,xǐ,喜欢,xǐ huān,喜爱,xǐ ài,
476,局,jú,当局,dāng jú,局长,jú zhǎng,
477,医,yī,医院,yī yuàn,医生,yī shēng,
478,象,xiàng,现象,xiàn xiàng,对象,duì xiàng,
479,写,xiě / xiè,写作,xiě zuò,书写,shū xiě,
480,除,chú,除了,chú le,解除,jiě chú,
481,境,jìng,境内,jìng nèi,边境,biān jìng,
482,思,sī,意思,yì si,思想,sī xiǎng,
483,赛,sài,比赛,bǐ sài,决赛,jué sài,
484,装,zhuāng,装备,zhuāng bèi,安装,ān zhuāng,
485,谁,shéi,谁家,shuí jiā,谁知,shuí zhī,
486,跟,gēn,跟着,gēn zhe,跟进,gēn jìn,
487,便,biàn / pián,方便,fāng biàn,便是,biàn shì,
488,杀,shā,自杀,zì shā,杀人,shā rén,
489,击,jī,打击,dǎ jī,反击,fǎn jī,
490,响,xiǎng,影响,yǐng xiǎng,响应,xiǎng yìng,
491,职,zhí,职业,zhí yè,职务,zhí wù,
492,助,zhù,资助,zī zhù,助理,zhù lǐ,
493,易,yì,容易,róng yì,交易,jiāo yì,
494,版,bǎn,版本,bǎn běn,出版,chū bǎn,
495,希,xī,希望,xī wàng,希拉,xī lā,
496,属,shǔ / zhǔ,属于,shǔ yú,金属,jīn shǔ,
497,住,zhù,记住,jì zhù,不住,bú zhù,
498,洲,zhōu,亚洲,yà zhōu,非洲,fēi zhōu,
499,巴,bā,巴西,bā xī,巴士,bā shì,
500,星,xīng,星期,xīng qī,明星,míng xīng,
501,企,qǐ,企业,qǐ yè,企图,qǐ tú,
502,引,yǐn,引起,yǐn qǐ,引发,yǐn fā,
503,找,zhǎo,找到,zhǎo dào,找出,zhǎo chū,
504,试,shì,试图,shì tú,试试,shì shì,
505,考,kǎo,考试,kǎo shì,参考,cān kǎo,
506,列,liè,系列,xì liè,列为,liè wèi,
507,罗,luó,罗马,luó mǎ,保罗,bǎo luó,
508,存,cún,存在,cún zài,生存,shēng cún,
509,须,xū,必须,bì xū,无须,wú xū,
510,越,yuè,越来越,yuè lái yuè,越南,yuè nán,
511,态,tài,态度,tài dù,生态,shēng tài,
512,群,qún,群众,qún zhòng,一群,yī qún,
513,县,xiàn,县委,xiàn wěi,县城,xiàn chéng,
514,功,gōng,成功,chéng gōng,功能,gōng néng,
515,纪,jì / jǐ,世纪,shì jì,年纪,nián jì,
516,复,fù,重复,chóng fù,报复,bào fù,
517,超,chāo,超过,chāo guò,超级,chāo jí,
518,害,hài,杀害,shā hài,受害者,shòu hài zhě,
519,戏,xì,游戏,yóu xì,演戏,yǎn xì,
520,显,xiǎn,显示,xiǎn shì,明显,míng xiǎn,
521,族,zú,民族,mín zú,家族,jiā zú,
522,维,wéi,维护,wéi hù,维持,wéi chí,
523,深,shēn,深入,shēn rù,深度,shēn dù,
524,责,zé,责任,zé rèn,职责,zhí zé,
525,值,zhí,价值,jià zhí,值得,zhí de,
526,买,mǎi,买下,mǎi xià,收买,shōu mǎi,
527,足,zú / jù,足球,zú qiú,不足,bù zú,
528,环,huán,环境,huán jìng,环保,huán bǎo,
529,模,mó / mú,模式,mó shì,规模,guī mó,
530,极,jí,极为,jí wéi,极大,jí dà,
531,协,xié,协议,xié yì,协会,xié huì,
532,花,huā,花费,huā fèi,花钱,huā qián,
533,断,duàn,不断,bú duàn,中断,zhōng duàn,
534,客,kè,游客,yóu kè,客观,kè guān,
535,警,jǐng,警方,jǐng fāng,警告,jǐng gào,
536,吃,chī,好吃,hǎo chī,不吃,bù chī,
537,王,wáng / wàng,国王,guó wáng,王国,wáng guó,
538,百,bǎi,百度,bǎi dù,百万,bǎi wàn,
539,段,duàn,手段,shǒu duàn,一段,yī duàn,
540,验,yàn,经验,jīng yàn,实验,shí yàn,
541,切,qiè / qiē,一切,yī qiè,切实,qiè shí,
542,往,wǎng,前往,qián wǎng,往往,wǎng wǎng,
543,早,zǎo,早上,zǎo shàng,早就,zǎo jiù,
544,终,zhōng,最终,zuì zhōng,终于,zhōng yú,
545,另,lìng,另外,lìng wài,另类,lìng lèi,
546,远,yuǎn,远离,yuǎn lí,远远,yuǎn yuǎn,
547,够,gòu,能够,néng gòu,不够,bú gòu,
548,独,dú,独立,dú lì,独特,dú tè,
549,精,jīng,精神,jīng shén,精力,jīng lì,
550,习,xí,学习,xué xí,实习,shí xí,
551,营,yíng,经营,jīng yíng,运营,yùn yíng,
552,括,kuò,包括,bāo kuò,括号,kuò hào,
553,革,gé,革命,gé mìng,改革,gǎi gé,
554,岁,suì,万岁,wàn suì,岁月,suì yuè,
555,曾,céng / zēng,曾经,céng jīng,不曾,bù céng,
556,评,píng,评论,píng lùn,评价,píng jià,
557,随,suí,随着,suí zhe,随后,suí hòu,
558,例,lì,例如,lì rú,比例,bǐ lì,
559,黑,hēi,黑人,hēi rén,黑色,hēi sè,
560,错,cuò,不错,bú cuò,没错,méi cuò,
561,继,jì,继续,jì xù,相继,xiāng jì,
562,米,mǐ,小米,xiǎo mǐ,平方米,píng fāng mǐ,
563,林,lín,林业,lín yè,斯大林,sī dà lín,
564,预,yù,预算,yù suàn,预计,yù jì,
565,玩,wán,玩家,wán jiā,玩具,wán jù,
566,故,gù,故事,gù shì,事故,shì gù,
567,份,fèn,身份,shēn fèn,一份,yī fèn,
568,速,sù,速度,sù dù,快速,kuài sù,
569,闻,wén,新闻,xīn wén,闻名,wén míng,
570,效,xiào,有效,yǒu xiào,效果,xiào guǒ,
571,致,zhì,导致,dǎo zhì,一致,yí zhì,
572,火,huǒ,火车,huǒ chē,火山,huǒ shān,
573,妈,mā,妈妈,mā mā,他妈的,tā mā de,
574,阿,ā / ē,阿里,ā lǐ,阿拉,ā lā,
575,呢,ne / ní,花呢,huā ní,呢子,ní zi,
576,拿,ná,加拿大,jiā ná dà,拿到,ná dào,
577,兰,lán,米兰,mǐ lán,爱尔兰,ài ěr lán,
578,采,cǎi / cài,采用,cǎi yòng,采取,cái qǔ,
579,热,rè,热情,rè qíng,热爱,rè ài,
580,房,fáng,房子,fáng zi,房间,fáng jiān,
581,病,bìng,病人,bìng rén,病例,bìng lì,
582,户,hù,用户,yòng hù,客户,kè hù,
583,限,xiàn,限制,xiàn zhì,有限,yǒu xiàn,
584,艺,yì,艺术,yì shù,工艺,gōng yì,
585,严,yán,严重,yán zhòng,严格,yán gé,
586,仅,jǐn,不仅,bù jǐn,仅仅,jín jǐn,
587,录,lù,记录,jì lù,目录,mù lù,
588,势,shì,势力,shì lì,形势,xíng shì,
589,控,kòng,控制,kòng zhì,指控,zhǐ kòng,
590,江,jiāng,长江,cháng jiāng,江南,jiāng nán,
591,察,chá,警察,jǐng chá,观察,guān chá,
592,满,mǎn,满足,mǎn zú,满意,mǎn yì,
593,优,yōu,优势,yōu shì,优先,yōu xiān,
594,兴,xīng / xìng,高兴,gāo xìng,兴建,xīng jiàn,
595,绝,jué,绝对,jué duì,绝不,jué bù,
596,土,tǔ,土地,tǔ dì,领土,lǐng tǔ,
597,施,shī,实施,shí shī,设施,shè shī,
598,宣,xuān,宣布,xuān bù,宣传,xuān chuán,
599,武,wǔ,武器,wǔ qì,武装,wǔ zhuāng,
600,止,zhǐ,为止,wéi zhǐ,终止,zhōng zhǐ,
601,负,fù,负责,fù zé,负责人,fù zé rén,
602,尼,ní,尼亚,ní yà,尼克,ní kè,
603,谢,xiè,谢谢,xiè xiè,感谢,gǎn xiè,
604,食,shí / sì,食品,shí pǐn,食物,shí wù,
605,简,jiǎn,简单,jiǎn dān,简直,jiǎn zhí,
606,叫,jiào,叫做,jiào zuò,名叫,míng jiào,
607,欧,ōu,欧洲,ōu zhōu,欧元,ōu yuán,
608,画,huà,动画,dòng huà,画面,huà miàn,
609,古,gǔ,古代,gǔ dài,古老,gǔ lǎo,
610,母,mǔ,母亲,mǔ qīn,字母,zì mǔ,
611,低,dī,最低,zuì dī,低于,dī yú,
612,帮,bāng,帮助,bāng zhù,黑帮,hēi bāng,
613,留,liú,留下,liú xià,保留,bǎo liú,
614,积,jī,面积,miàn jī,积极,jī jí,
615,志,zhì,同志,tóng zhì,标志,biāo zhì,
616,虽,suī,虽然,suī rán,虽说,suī shuō,
617,朋,péng,朋友,péng yǒu,女朋友,nǚ péng yǒu,
618,否,fǒu / pǐ,是否,shì fǒu,否则,fǒu zé,
619,令,lìng / líng / lǐng,命令,mìng lìng,令人,lìng rén,
620,读,dú / dòu,读者,dú zhě,读书,dú shū,
621,伤,shāng,伤害,shāng hài,受伤,shòu shāng,
622,夫,fū / fú,夫人,fū rén,功夫,gōng fu,
623,眼,yǎn,眼前,yǎn qián,眼中,yǎn zhōng,
624,置,zhì,位置,wèi zhì,设置,shè zhì,
625,播,bō,传播,chuán bō,直播,zhí bō,
626,底,dǐ / de,到底,dào dǐ,年底,nián dǐ,
627,域,yù,区域,qū yù,领域,lǐng yù,
628,频,pín,视频,shì pín,频道,pín dào,
629,派,pài / pā,派出,pài chū,党派,dǎng pài,
630,居,jū / jī,居民,jū mín,居住,jū zhù,
631,监,jiān / jiàn,监管,jiān guǎn,监控,jiān kòng,
632,飞,fēi,飞机,fēi jī,飞行,fēi xíng,
633,晚,wǎn,晚上,wǎn shàng,今晚,jīn wǎn,
634,策,cè,政策,zhèng cè,决策,jué cè,
635,卡,kǎ / qiǎ,卡尔,kǎ ěr,卡拉,kǎ lā,
636,尽,jǐn / jìn,尽管,jín guǎn,尽快,jǐn kuài,
637,刚,gāng,刚刚,gāng gāng,刚才,gāng cái,
638,讲,jiǎng,讲话,jiǎng huà,演讲,yǎn jiǎng,
639,苏,sū,苏联,sū lián,复苏,fù sū,
640,股,gǔ,股份,gǔ fèn,股东,gǔ dōng,
641,谈,tán,谈话,tán huà,谈论,tán lùn,
642,送,sòng,送给,sòng gěi,送到,sòng dào,
643,诉,sù,告诉,gào sù,起诉,qǐ sù,
644,河,hé,河流,hé liú,河道,hé dào,
645,密,mì,密切,mì qiè,密度,mì dù,
646,落,luò / là / lào,落实,luò shí,部落,bù luò,
647,半,bàn,一半,yí bàn,半年,bàn nián,
648,念,niàn,纪念,jì niàn,观念,guān niàn,
649,剧,jù,戏剧,xì jù,剧情,jù qíng,
650,村,cūn,农村,nóng cūn,村民,cūn mín,
651,依,yī,依据,yī jù,依然,yī rán,
652,湾,wān,台湾,tái wān,海湾,hǎi wān,
653,印,yìn,印度,yìn dù,印象,yìn xiàng,
654,哥,gē,哥哥,gē gē,大哥,dà gē,
655,破,pò,打破,dǎ pò,破产,pò chǎn,
656,编,biān,编制,biān zhì,编号,biān hào,
657,待,dài / dāi,等待,děng dài,对待,duì dài,
658,初,chū,当初,dāng chū,初期,chū qī,
659,双,shuāng,双方,shuāng fāng,双手,shuāng shǒu,
660,防,fáng,防止,fáng zhǐ,预防,yù fáng,
661,普,pǔ,普通,pǔ tōng,普及,pǔ jí,
662,围,wéi,周围,zhōu wéi,包围,bāo wéi,
663,批,pī,批评,pī píng,批准,pī zhǔn,
664,愿,yuàn,愿意,yuàn yì,愿望,yuàn wàng,
665,红,hóng / gōng,红色,hóng sè,红军,hóng jūn,
666,轻,qīng,年轻,nián qīng,年轻人,nián qīng rén,
667,承,chéng,承认,chéng rèn,继承,jì chéng,
668,青,qīng,青年,qīng nián,青少年,qīng shào nián,
669,免,miǎn / wèn,免费,miǎn fèi,以免,yǐ miǎn,
670,室,shì,办公室,bàn gōng shì,实验室,shí yàn shì,
671,范,fàn,范围,fàn wéi,规范,guī fàn,
672,修,xiū,修改,xiū gǎi,维修,wéi xiū,
673,压,yā / yà,压力,yā lì,压制,yā zhì,
674,石,shí / dàn,石头,shí tou,化石,huà shí,
675,状,zhuàng,状态,zhuàng tài,状况,zhuàng kuàng,
676,排,pái,安排,ān pái,排名,pái míng,
677,率,lǜ / shuài,效率,xiào lǜ,频率,pín lǜ,
678,险,xiǎn,风险,fēng xiǎn,保险,bǎo xiǎn,
679,福,fú,福利,fú lì,福音,fú yīn,
680,父,fù,父亲,fù qīn,父母,fù mǔ,
681,适,shì / kuò,适合,shì hé,适应,shì yìng,
682,担,dān / dàn,担心,dān xīn,担任,dān rèn,
683,六,liù / lù,六月,liù yuè,六个,liù gè,
684,角,jiǎo / jué,角色,jué sè,角度,jiǎo dù,
685,层,céng,基层,jī céng,层面,céng miàn,
686,判,pàn,判断,pàn duàn,谈判,tán pàn,
687,卫,wèi,卫生,wèi shēng,卫星,wèi xīng,
688,财,cái,财产,cái chǎn,财政,cái zhèng,
689,占,zhàn / zhān,占领,zhàn lǐng,占据,zhàn jù,
690,园,yuán,公园,gōng yuán,校园,xiào yuán,
691,络,luò / lào,网络,wǎng luò,联络,lián luò,
692,奖,jiǎng,奖金,jiǎng jīn,大奖,dà jiǎng,
693,阳,yáng,太阳,tài yáng,阳光,yáng guāng,
694,执,zhí,执行,zhí xíng,执政,zhí zhèng,
695,假,jiǎ / jià,假设,jiǎ shè,假如,jiǎ rú,
696,席,xí,主席,zhǔ xí,出席,chū xí,
697,仍,réng,仍然,réng rán,仍会,réng huì,
698,突,tū,突然,tū rán,突破,tū pò,
699,测,cè,测试,cè shì,预测,yù cè,
700,班,bān,上班,shàng bān,下班,xià bān,
701,旅,lǚ,旅游,lǚ yóu,旅行,lǚ xíng,
702,升,shēng,提升,tí shēng,升级,shēng jí,
703,配,pèi,配合,pèi hé,分配,fēn pèi,
704,停,tíng,停止,tíng zhǐ,不停,bù tíng,
705,似,shì / sì,类似,lèi sì,相似,xiāng sì,
706,笑,xiào,笑话,xiào huà,可笑,kě xiào,
707,审,shěn,审查,shěn chá,审判,shěn pàn,
708,歌,gē,歌手,gē shǒu,首歌,shǒu gē,
709,般,bān / pán / bō,一般,yì bān,般的,bān de,
710,铁,tiě,铁路,tiě lù,地铁,dì tiě,
711,换,huàn,交换,jiāo huàn,转换,zhuǎn huàn,
712,银,yín,银行,yín háng,银河,yín hé,
713,均,jūn,平均,píng jūn,人均,rén jūn,
714,千,qiān,千万,qiān wàn,千年,qiān nián,
715,养,yǎng,营养,yíng yǎng,养老,yǎng lǎo,
716,博,bó,博士,bó shì,博客,bó kè,
717,威,wēi,权威,quán wēi,示威,shì wēi,
718,富,fù,财富,cái fù,富有,fù yǒu,
719,微,wēi,微信,wēi xìn,微博,wēi bó,
720,黄,huáng,黄金,huáng jīn,黄色,huáng sè,
721,移,yí,移民,yí mín,移动,yí dòng,
722,罪,zuì,罪行,zuì xíng,罪名,zuì míng,
723,票,piào,投票,tóu piào,股票,gǔ piào,
724,岛,dǎo,岛上,dǎo shàng,半岛,bàn dǎo,
725,择,zé,选择,xuǎn zé,选择性,xuǎn zé xìng,
726,奇,qí / jī,传奇,chuán qí,好奇,hào qí,
727,紧,jǐn,紧张,jǐn zhāng,紧密,jǐn mì,
728,韩,hán,韩国,hán guó,北韩,běi hán,
729,久,jiǔ,不久,bù jiǔ,多久,duō jiǔ,
730,抗,kàng,抗议,kàng yì,对抗,duì kàng,
731,汉,hàn,汉语,hàn yǔ,汉族,hàn zú,
732,副,fù,一副,yī fù,副本,fù běn,
733,犯,fàn,犯罪,fàn zuì,罪犯,zuì fàn,
734,亿,yì,亿元,yì yuán,亿万,yì wàn,
735,波,bō,波兰,bō lán,波动,bō dòng,
736,乎,hū,几乎,jī hū,似乎,sì hū,
737,八,bā,十八,shí bā,八年,bā nián,
738,款,kuǎn,条款,tiáo kuǎn,一款,yī kuǎn,
739,甚,shèn / shén,甚至,shèn zhì,甚么,shén me,
740,检,jiǎn,检查,jiǎn chá,检测,jiǎn cè,
741,馆,guǎn,博物馆,bó wù guǎn,旅馆,lǚ guǎn,
742,油,yóu,石油,shí yóu,加油,jiā yóu,
743,著,zhù / zhuó,著名,zhù míng,著作,zhù zuò,
744,差,chà / chā / chāi,差别,chā bié,差不多,chà bu duō,
745,斗,dòu / dǒu,战斗,zhàn dòu,斗争,dòu zhēng,
746,销,xiāo,营销,yíng xiāo,销量,xiāo liàng,
747,购,gòu,购买,gòu mǎi,收购,shōu gòu,
748,救,jiù,救助,jiù zhù,救济,jiù jì,
749,坚,jiān,坚持,jiān chí,坚决,jiān jué,
750,讨,tǎo,讨论,tǎo lùn,检讨,jiǎn tǎo,
751,庭,tíng,家庭,jiā tíng,法庭,fǎ tíng,
752,镇,zhèn,城镇,chéng zhèn,镇压,zhèn yā,
753,药,yào,药物,yào wù,药品,yào pǐn,
754,景,jǐng,场景,cháng jǐng,风景,fēng jǐng,
755,章,zhāng,文章,wén zhāng,章程,zhāng chéng,
756,陆,lù / liù,大陆,dà lù,陆续,lù xù,
757,店,diàn,商店,shāng diàn,书店,shū diàn,
758,介,jiè,简介,jiǎn jiè,介入,jiè rù,
759,益,yì,利益,lì yì,权益,quán yì,
760,纳,nà,纳入,nà rù,容纳,róng nà,
761,朝,cháo / zhāo,王朝,wáng cháo,明朝,míng cháo,
762,宝,bǎo,宝宝,bǎo bǎo,宝石,bǎo shí,
763,俄,é,俄罗斯,é luó sī,俄国,é guó,
764,述,shù,上述,shàng shù,讲述,jiǎng shù,
765,央,yāng,中央,zhōng yāng,央视,yāng shì,
766,素,sù,因素,yīn sù,素质,sù zhì,
767,哈,hā / hǎ,哈哈,hā hā,哈利,hā lì,
768,脑,nǎo,电脑,diàn nǎo,大脑,dà nǎo,
769,拍,pāi,拍照,pāi zhào,自拍,zì pāi,
770,互,hù,互相,hù xiāng,互联网,hù lián wǎng,
771,乡,xiāng,乡村,xiāng cūn,家乡,jiā xiāng,
772,按,àn,按照,àn zhào,按时,àn shí,
773,坏,huài,破坏,pò huài,坏人,huài rén,
774,兵,bīng,士兵,shì bīng,步兵,bù bīng,
775,怕,pà,害怕,hài pà,可怕,kě pà,
776,核,hé,核心,hé xīn,考核,kǎo hé,
777,善,shàn,改善,gǎi shàn,完善,wán shàn,
778,酒,jiǔ,酒店,jiǔ diàn,酒吧,jiǔ bā,
779,激,jī,激动,jī dòng,激发,jī fā,
780,细,xì,细节,xì jié,细致,xì zhì,
781,拥,yōng,拥有,yōng yǒu,拥护,yōng hù,
782,街,jiē,街道,jiē dào,街头,jiē tóu,
783,卖,mài,买卖,mǎi mài,出卖,chū mài,
784,载,zài / zǎi,下载,xià zài,记载,jì zǎi,
785,钟,zhōng,分钟,fēn zhōng,时钟,shí zhōng,
786,临,lín,面临,miàn lín,临时,lín shí,
787,享,xiǎng,分享,fēn xiǎng,享受,xiǎng shòu,
788,释,shì,解释,jiě shì,释放,shì fàng,
789,背,bèi / bēi,背景,bèi jǐng,背后,bèi hòu,
790,婚,hūn,结婚,jié hūn,离婚,lí hūn,
791,伊,yī,伊拉克,yī lā kè,伊斯兰,yī sī lán,
792,血,xuè / xiě,流血,liú xiě,血统,xuè tǒng,
793,充,chōng,充满,chōng mǎn,充分,chōng fèn,
794,货,huò,货物,huò wù,货车,huò chē,
795,您,nín,您好,nín hǎo,,,
796,龙,lóng,黑龙江,hēi lóng jiāng,龙头,lóng tóu,
797,攻,gōng,攻击,gōng jī,进攻,jìn gōng,
798,降,jiàng / xiáng,降低,jiàng dī,下降,xià jiàng,
799,射,shè,发射,fā shè,射击,shè jī,
800,恶,è / ě / wù,恶心,ě xīn,恶化,è huà,
801,危,wēi,危险,wēi xiǎn,危机,wēi jī,
802,略,lüè,战略,zhàn lüè,策略,cè lüè,
803,败,bài,失败,shī bài,打败,dǎ bài,
804,奥,ào,奥运,ào yùn,奥运会,ào yùn huì,
805,弹,dàn / tán,导弹,dǎo dàn,子弹,zǐ dàn,
806,付,fù,支付,zhī fù,对付,duì fù,
807,帝,dì,帝国,dì guó,上帝,shàng dì,
808,毛,máo,毛病,máo bìng,毛利,máo lì,
809,刻,kè,时刻,shí kè,立刻,lì kè,
810,某,mǒu,某些,mǒu xiē,某个,mǒu gè,
811,减,jiǎn,减少,jiǎn shǎo,减轻,jiǎn qīng,
812,冲,chōng / chòng,冲突,chōng tū,冲击,chōng jī,
813,输,shū,运输,yùn shū,输入,shū rù,
814,永,yǒng,永远,yóng yuǎn,永久,yǒng jiǔ,
815,媒,méi,媒体,méi tǐ,传媒,chuán méi,
816,秘,mì / bì,秘密,mì mì,秘书,mì shū,
817,遇,yù,遇到,yù dào,待遇,dài yù,
818,靠,kào,依靠,yī kào,可靠,kě kào,
819,答,dá / dā,回答,huí dá,答案,dá àn,
820,座,zuò,一座,yī zuò,这座,zhè zuò,
821,典,diǎn,经典,jīng diǎn,典型,diǎn xíng,
822,码,mǎ,密码,mì mǎ,代码,dài mǎ,
823,征,zhēng,特征,tè zhēng,象征,xiàng zhēng,
824,访,fǎng,访问,fǎng wèn,采访,cái fǎng,
825,筑,zhù,建筑,jiàn zhù,建筑物,jiàn zhù wù,
826,短,duǎn,短期,duǎn qī,短片,duǎn piàn,
827,析,xī,分析,fēn xī,解析,jiě xī,
828,训,xùn,教训,jiào xùn,军训,jūn xùn,
829,胜,shèng,胜利,shèng lì,战胜,zhàn shèng,
830,疗,liáo,医疗,yī liáo,治疗,zhì liáo,
831,温,wēn,温度,wēn dù,气温,qì wēn,
832,弟,dì / tì,弟弟,dì di,弟子,dì zǐ,
833,异,yì,差异,chā yì,异常,yì cháng,
834,阶,jiē,阶段,jiē duàn,阶级,jiē jí,
835,劳,láo,劳动,láo dòng,劳工,láo gōng,
836,退,tuì,退出,tuì chū,后退,hòu tuì,
837,穿,chuān,穿着,chuān zhe,穿越,chuān yuè,
838,束,shù,结束,jié shù,约束,yuē shù,
839,倒,dào / dǎo,打倒,dá dǎo,倒退,dào tuì,
840,七,qī,七月,qī yuè,七个,qī gè,
841,航,háng,航空,háng kōng,航班,háng bān,
842,姐,jiě,小姐,xiǎo jiě,姐姐,jiě jiě,
843,夜,yè,一夜,yī yè,夜晚,yè wǎn,
844,云,yún,风云,fēng yún,云南省,yún nán shěng,
845,厂,chǎng / hǎn,工厂,gōng chǎng,厂商,chǎng shāng,
846,疑,yí,质疑,zhì yí,无疑,wú yí,
847,词,cí,歌词,gē cí,名词,míng cí,
848,九,jiǔ,九月,jiǔ yuè,十九,shí jiǔ,
849,藏,cáng / zàng,收藏,shōu cáng,宝藏,bǎo zàng,
850,毒,dú,病毒,bìng dú,毒品,dú pǐn,
851,额,é,金额,jīn é,总额,zǒng é,
852,左,zuǒ,左派,zuǒ pài,左边,zuǒ biān,
853,楼,lóu,大楼,dà lóu,楼下,lóu xià,
854,牌,pái,品牌,pǐn pái,金牌,jīn pái,
855,补,bǔ,补充,bǔ chōng,补助,bǔ zhù,
856,杂,zá,复杂,fù zá,杂志,zá zhì,
857,亡,wáng,死亡,sǐ wáng,伤亡,shāng wáng,
858,康,kāng,康复,kāng fù,小康,xiǎo kāng,
859,材,cái,材料,cái liào,题材,tí cái,
860,健,jiàn,健康,jiàn kāng,健全,jiàn quán,
861,练,liàn,训练,xùn liàn,教练,jiào liàn,
862,盟,méng,联盟,lián méng,欧盟,ōu méng,
863,妇,fù,妇女,fù nǚ,夫妇,fū fù,
864,沙,shā / shà,金沙,jīn shā,沙发,shā fā,
865,届,jiè,本届,běn jiè,首届,shǒu jiè,
866,课,kè,课程,kè chéng,课题,kè tí,
867,乱,luàn,动乱,dòng luàn,战乱,zhàn luàn,
868,软,ruǎn,软件,ruǎn jiàn,微软,wēi ruǎn,
869,板,bǎn,老板,lǎo bǎn,地板,dì bǎn,
870,索,suǒ,线索,xiàn suǒ,索尼,suǒ ní,
871,追,zhuī / duī,追求,zhuī qiú,追究,zhuī jiū,
872,湖,hú,江湖,jiāng hú,湖北省,hú běi shěng,
873,暴,bào / pù,暴力,bào lì,风暴,fēng bào,
874,融,róng,金融,jīn róng,融资,róng zī,
875,登,dēng,登记,dēng jì,登陆,dēng lù,
876,售,shòu,销售,xiāo shòu,出售,chū shòu,
877,困,kùn,困难,kùn nán,困境,kùn jìng,
878,圣,shèng / kū,圣经,shèng jīng,神圣,shén shèng,
879,授,shòu,教授,jiào shòu,授权,shòu quán,
880,误,wù,错误,cuò wù,失误,shī wù,
881,梦,mèng,梦想,mèng xiǎng,做梦,zuò mèng,
882,缺,quē,缺少,quē shǎo,缺点,quē diǎn,
883,督,dū,监督,jiān dū,基督教,jī dū jiào,
884,操,cāo,操作,cāo zuò,操控,cāo kòng,
885,味,wèi,味道,wèi dào,意味着,yì wèi zhe,
886,顾,gù,照顾,zhào gù,顾问,gù wèn,
887,页,yè,网页,wǎng yè,页面,yè miàn,
888,遗,yí,遗产,yí chǎn,遗传,yí chuán,
889,礼,lǐ,礼物,lǐ wù,婚礼,hūn lǐ,
890,签,qiān,签名,qiān míng,签证,qiān zhèng,
891,遭,zāo,遭到,zāo dào,遭遇,zāo yù,
892,枪,qiāng,开枪,kāi qiāng,手枪,shǒu qiāng,
893,私,sī,私人,sī rén,走私,zǒu sī,
894,牙,yá,西班牙,xī bān yá,象牙,xiàng yá,
895,吸,xī,吸引,xī yǐn,吸收,xī shōu,
896,础,chǔ,基础,jī chǔ,基础课,jī chǔ kè,
897,毕,bì,毕业,bì yè,完毕,wán bì,
898,封,fēng,封建,fēng jiàn,封面,fēng miàn,
899,币,bì,货币,huò bì,人民币,rén mín bì,
900,宗,zōng,宗教,zōng jiào,教宗,jiào zōng,
901,露,lù / lòu,暴露,bào lù,露出,lù chū,
902,讯,xùn,资讯,zī xùn,通讯,tōng xùn,
903,稳,wěn,稳定,wěn dìng,平稳,píng wěn,
904,宁,níng / nìng,宁愿,nìng yuàn,列宁,liè níng,
905,辑,jí,编辑,biān jí,专辑,zhuān jí,
906,恐,kǒng,恐怕,kǒng pà,反恐,fǎn kǒng,
907,托,tuō,委托,wěi tuō,依托,yī tuō,
908,努,nǔ,努力,nǔ lì,,,
909,曲,qū / qǔ,歌曲,gē qǔ,曲线,qū xiàn,
910,李,lǐ,行李,xíng lǐ,李子,lǐ zi,
911,块,kuài,一块,yī kuài,这块,zhè kuài,
912,爆,bào,爆发,bào fā,引爆,yǐn bào,
913,灵,líng,心灵,xīn líng,灵活,líng huó,
914,守,shǒu,保守,bǎo shǒu,守护,shǒu hù,
915,余,yú,其余,qí yú,余额,yú é,
916,右,yòu,左右,zuǒ yòu,右派,yòu pài,
917,怀,huái,怀疑,huái yí,关怀,guān huái,
918,亦,yì,亦可,yì kě,,,
919,伦,lún,伦理,lún lǐ,多伦多,duō lún duō,
920,季,jì,赛季,sài jì,季节,jì jié,
921,烈,liè,强烈,qiáng liè,激烈,jī liè,
922,衣,yī / yì,衣服,yī fú,内衣,nèi yī,
923,舞,wǔ,舞台,wǔ tái,歌舞,gē wǔ,
924,皇,huáng,皇帝,huáng dì,皇家,huáng jiā,
925,草,cǎo,草案,cǎo àn,草原,cǎo yuán,
926,坐,zuò,坐在,zuò zài,坐下,zuò xià,
927,若,ruò / rě,若干,ruò gān,若有,ruò yǒu,
928,扩,kuò,扩大,kuò dà,扩展,kuò zhǎn,
929,幸,xìng,幸福,xìng fú,幸运,xìng yùn,
930,逐,zhú,逐步,zhú bù,追逐,zhuī zhú,
931,序,xù,程序,chéng xù,序列,xù liè,
932,迎,yíng,欢迎,huān yíng,迎接,yíng jiē,
933,址,zhǐ,网址,wǎng zhǐ,地址,dì zhǐ,
934,竟,jìng,毕竟,bì jìng,竟然,jìng rán,
935,午,wǔ,下午,xià wǔ,上午,shàng wǔ,
936,妹,mèi,妹妹,mèi mèi,姐妹,jiě mèi,
937,禁,jìn / jīn,禁止,jìn zhǐ,不禁,bù jīn,
938,肯,kěn,肯定,kěn dìng,不肯,bù kěn,
939,澳,ào,澳门,ào mén,澳洲,ào zhōu,
940,搞,gǎo,搞笑,gǎo xiào,搞定,gǎo dìng,
941,脸,liǎn,脸上,liǎn shàng,脸书,liǎn shū,
942,鲜,xiān / xiǎn,朝鲜,cháo xiān,新鲜,xīn xiān,
943,亮,liàng,月亮,yuè liàng,亮相,liàng xiàng,
944,苦,kǔ,苦难,kǔ nàn,受苦,shòu kǔ,
945,船,chuán,船只,chuán zhī,船长,chuán zhǎng,
946,概,gài,概念,gài niàn,大概,dà gài,
947,贵,guì,贵族,guì zú,宝贵,bǎo guì,
948,附,fù,附近,fù jìn,附属,fù shǔ,
949,趣,qù,兴趣,xìng qù,有趣,yǒu qù,
950,摄,shè,拍摄,pāi shè,摄影,shè yǐng,
951,库,kù,库存,kù cún,水库,shuǐ kù,
952,跑,pǎo / páo,跑道,pǎo dào,跑步,pǎo bù,
953,鱼,yú,鱼类,yú lèi,小鱼,xiǎo yú,
954,轮,lún,一轮,yī lún,轮流,lún liú,
955,顿,dùn,整顿,zhěng dùn,一顿,yī dùn,
956,翻,fān,推翻,tuī fān,翻身,fān shēn,
957,良,liáng,良好,liáng hǎo,不良,bù liáng,
958,旧,jiù,依旧,yī jiù,仍旧,réng jiù,
959,狗,gǒu,狗狗,gǒu gǒu,小狗,xiǎo gǒu,
960,急,jí,紧急,jǐn jí,应急,yìng jí,
961,寻,xún,寻找,xún zhǎo,寻求,xún qiú,
962,套,tào,一套,yī tào,配套,pèi tào,
963,综,zōng / zèng,综合,zōng hé,综艺,zōng yì,
964,掉,diào,卖掉,mài diào,干掉,gàn diào,
965,顺,shùn,顺利,shùn lì,顺序,shùn xù,
966,童,tóng,儿童,ér tóng,童年,tóng nián,
967,迫,pò / pǎi,被迫,bèi pò,迫害,pò hài,
968,庆,qìng,重庆,chóng qìng,庆典,qìng diǎn,
969,丽,lì / lí,美丽,měi lì,华丽,huá lì,
970,木,mù,木材,mù cái,木头,mù tou,
971,春,chūn,青春,qīng chūn,春天,chūn tiān,
972,吉,jí,吉他,jí tā,吉利,jí lì,
973,脱,tuō,脱离,tuō lí,解脱,jiě tuō,
974,竞,jìng,竞争,jìng zhēng,竞选,jìng xuǎn,
975,虑,lǜ,考虑,kǎo lǜ,顾虑,gù lǜ,
976,架,jià,架构,jià gòu,一架,yī jià,
977,呼,hū,呼吸,hū xī,称呼,chēng hū,
978,端,duān,极端,jí duān,高端,gāo duān,
979,违,wéi,违法,wéi fǎ,违反,wéi fǎn,
980,含,hán,包含,bāo hán,含有,hán yǒu,
981,皮,pí,皮革,pí gé,皮带,pí dài,
982,堂,táng,教堂,jiào táng,天堂,tiān táng,
983,怪,guài,奇怪,qí guài,怪物,guài wù,
984,尚,shàng,尚未,shàng wèi,时尚,shí shàng,
985,抓,zhuā,抓住,zhuā zhù,抓紧,zhuā jǐn,
986,汽,qì,汽车,qì chē,汽油,qì yóu,
987,挥,huī,发挥,fā huī,指挥,zhǐ huī,
988,归,guī,回归,huí guī,归属,guī shǔ,
989,骗,piàn,骗子,piàn zi,骗局,piàn jú,
990,诺,nuò,承诺,chéng nuò,诺言,nuò yán,
991,肉,ròu,肉体,ròu tǐ,肉类,ròu lèi,
992,招,zhāo,招生,zhāo shēng,招标,zhāo biāo,
993,探,tàn,探索,tàn suǒ,探讨,tàn tǎo,
994,培,péi,培训,péi xùn,培养,péi yǎng,
995,睡,shuì,睡觉,shuì jiào,睡着,shuì zháo,
996,献,xiàn,文献,wén xiàn,献给,xiàn gěi,
997,针,zhēn,针对,zhēn duì,方针,fāng zhēn,
998,饭,fàn,吃饭,chī fàn,饭店,fàn diàn,
999,敢,gǎn,不敢,bù gǎn,敢于,gǎn yú,
1000,野,yě,野生,yě shēng,视野,shì yě,
1001,惊,jīng,惊人,jīng rén,惊喜,jīng xǐ,
1002,透,tòu,透过,tòu guò,透露,tòu lù,
1003,避,bì,避免,bì miǎn,回避,huí bì,
1004,智,zhì,智能,zhì néng,理智,lǐ zhì,
1005,痛,tòng,痛苦,tòng kǔ,头痛,tóu tòng,
1006,既,jì,既然,jì rán,既有,jì yǒu,
1007,啦,la / lā,啦啦队,la la duì,呼啦啦,hū lā lā,
1008,牛,niú,牛肉,niú ròu,牛顿,niú dùn,
1009,税,shuì,税收,shuì shōu,关税,guān shuì,
1010,洋,yáng,海洋,hǎi yáng,太平洋,tài píng yáng,
1011,谓,wèi,所谓,suǒ wèi,可谓,kě wèi,
1012,敌,dí,敌人,dí rén,无敌,wú dí,
1013,申,shēn,申请,shēn qǐng,申报,shēn bào,
1014,巨,jù,巨大,jù dà,巨人,jù rén,
1015,慢,màn,慢慢,màn màn,慢性,màn xìng,
1016,炸,zhà / zhá,爆炸,bào zhà,炸弹,zhà dàn,
1017,忘,wàng,忘记,wàng jì,遗忘,yí wàng,
1018,句,jù / gōu,一句,yī jù,这句,zhè jù,
1019,渐,jiàn / jiān,逐渐,zhú jiàn,渐渐,jiàn jiàn,
1020,唯,wéi / wěi,唯一,wéi yī,唯有,wéi yǒu,
1021,损,sǔn,损失,sǔn shī,损害,sǔn hài,
1022,弃,qì,放弃,fàng qì,遗弃,yí qì,
1023,彩,cǎi,色彩,sè cǎi,精彩,jīng cǎi,
1024,阅,yuè,阅读,yuè dú,查阅,chá yuè,
1025,散,sàn / sǎn,扩散,kuò sàn,分散,fēn sàn,
1026,绍,shào,介绍,jiè shào,介绍信,jiè shào xìn,
1027,漫,màn,漫画,màn huà,漫长,màn cháng,
1028,洛,luò,洛克,luò kè,洛夫,luò fū,
1029,休,xiū,休息,xiū xī,退休,tuì xiū,
1030,塔,tǎ,塔克,tǎ kè,金字塔,jīn zì tǎ,
1031,伯,bó / bǎi / bà,阿拉伯,ā lā bó,罗伯特,luó bó tè,
1032,厅,tīng,大厅,dà tīng,客厅,kè tīng,
1033,冷,lěng,冷战,lěng zhàn,冷却,lěng què,
1034,染,rǎn,感染,gǎn rǎn,传染,chuán rǎn,
1035,召,zhào / shào,召开,zhào kāi,号召,hào zhào,
1036,佛,fú / fó,佛教,fó jiào,佛像,fó xiàng,
1037,诗,shī,诗人,shī rén,诗歌,shī gē,
1038,鲁,lǔ,秘鲁,bì lǔ,布鲁斯,bù lǔ sī,
1039,刑,xíng,刑事,xíng shì,死刑,sǐ xíng,
1040,雷,léi,雷达,léi dá,布雷,bù léi,
1041,笔,bǐ,笔者,bǐ zhě,笔记,bǐ jì,
1042,萨,sà,萨拉,sà lā,萨克,sà kè,
1043,汇,huì,外汇,wài huì,汇率,huì lǜ,
1044,楚,chǔ,清楚,qīng chǔ,痛楚,tòng chǔ,
1045,延,yán,延长,yán cháng,延续,yán xù,
1046,松,sōng,轻松,qīng sōng,放松,fàng sōng,
1047,予,yǔ / yú,给予,jí yǔ,授予,shòu yǔ,
1048,坦,tǎn,坦克,tǎn kè,斯坦,sī tǎn,
1049,妻,qī / qì,妻子,qī zǐ,夫妻,fū qī,
1050,裁,cái,总裁,zǒng cái,制裁,zhì cái,
1051,丰,fēng,丰富,fēng fù,丰满,fēng mǎn,
1052,促,cù,促进,cù jìn,促使,cù shǐ,
1053,脚,jiǎo / jué,脚步,jiǎo bù,脚下,jiǎo xià,
1054,贝,bèi,宝贝,bǎo bèi,贝尔,bèi ěr,
1055,森,sēn,森林,sēn lín,东森,dōng sēn,
1056,唱,chàng,唱歌,chàng gē,演唱,yǎn chàng,
1057,译,yì,翻译,fān yì,编译,biān yì,
1058,启,qǐ,启动,qǐ dòng,开启,kāi qǐ,
1059,树,shù,树立,shù lì,树木,shù mù,
1060,赢,yíng,赢得,yíng dé,赢家,yíng jiā,
1061,幕,mù,开幕,kāi mù,幕后,mù hòu,
1062,爸,bà,爸爸,bà bà,老爸,lǎo bà,
1063,贸,mào,贸易,mào yì,外贸,wài mào,
1064,障,zhàng,保障,bǎo zhàng,故障,gù zhàng,
1065,泽,zé,毛泽东,máo zé dōng,江泽民,jiāng zé mín,
1066,熟,shú,成熟,chéng shú,熟练,shú liàn,
1067,混,hùn / hún,混乱,hùn luàn,混合,hùn hé,
1068,蒙,méng / mēng / měng,蒙古,méng gǔ,启蒙,qǐ méng,
1069,固,gù,固定,gù dìng,固然,gù rán,
1070,宪,xiàn,宪法,xiàn fǎ,宪章,xiàn zhāng,
1071,毁,huǐ,销毁,xiāo huǐ,毁坏,huǐ huài,
1072,勒,lēi / lè,希特勒,xī tè lēi,勒斯,lēi sī,
1073,顶,dǐng,顶级,dǐng jí,山顶,shān dǐng,
1074,侵,qīn,入侵,rù qīn,侵犯,qīn fàn,
1075,丝,sī,一丝,yī sī,黑丝,hēi sī,
1076,餐,cān,餐厅,cān tīng,午餐,wǔ cān,
1077,静,jìng,安静,ān jìng,冷静,lěng jìng,
1078,赶,gǎn,赶紧,gǎn jǐn,赶快,gǎn kuài,
1079,篇,piān,一篇,yī piān,短篇,duǎn piān,
1080,懂,dǒng,懂得,dǒng de,听懂,tīng dǒng,
1081,闭,bì,关闭,guān bì,封闭,fēng bì,
1082,纸,zhǐ,报纸,bào zhǐ,纸币,zhǐ bì,
1083,浪,làng,浪费,làng fèi,浪漫,làng màn,
1084,荣,róng,光荣,guāng róng,荣获,róng huò,
1085,醒,xǐng,提醒,tí xǐng,清醒,qīng xǐng,
1086,夏,xià,夏天,xià tiān,夏季,xià jì,
1087,借,jiè,借口,jiè kǒu,借款,jiè kuǎn,
1088,桥,qiáo,大桥,dà qiáo,天桥,tiān qiáo,
1089,订,dìng,签订,qiān dìng,修订,xiū dìng,
1090,陈,chén,陈述,chén shù,陈列,chén liè,
1091,灭,miè,消灭,xiāo miè,毁灭,huǐ miè,
1092,绿,lǜ / lù,绿色,lǜ sè,绿化,lǜ huà,
1093,迷,mí,球迷,qiú mí,迷你,mí nǐ,
1094,暗,àn,黑暗,hēi àn,暗示,àn shì,
1095,援,yuán,援助,yuán zhù,支援,zhī yuán,
1096,尤,yóu,尤其,yóu qí,尤为,yóu wèi,
1097,宫,gōng,白宫,bái gōng,子宫,zi gōng,
1098,盖,gài / gě,盖章,gài zhāng,加盖,jiā gài,
1099,谋,móu,谋杀,móu shā,参谋,cān móu,
1100,聚,jù,聚集,jù jí,聚会,jù huì,
1101,塞,sāi / sài / sè,活塞,huó sāi,塞车,sāi chē,
1102,雨,yǔ / yù,下雨,xià yǔ,大雨,dà yǔ,
1103,尊,zūn,尊重,zūn zhòng,尊严,zūn yán,
1104,秀,xiù,优秀,yōu xiù,秀才,xiù cái,
1105,拜,bài,礼拜,lǐ bài,拜托,bài tuō,
1106,盘,pán,地盘,dì pán,盘子,pán zi,
1107,贴,tiē,补贴,bǔ tiē,贴近,tiē jìn,
1108,估,gū / gù,估计,gū jì,评估,píng gū,
1109,挑,tiāo / tiǎo,挑战,tiǎo zhàn,挑选,tiāo xuǎn,
1110,屋,wū,房屋,fáng wū,屋顶,wū dǐng,
1111,恩,ēn,周恩来,zhōu ēn lái,感恩,gǎn ēn,
1112,田,tián,农田,nóng tián,油田,yóu tián,
1113,泰,tài,泰国,tài guó,泰勒,tài lēi,
1114,赞,zàn,赞成,zàn chéng,赞同,zàn tóng,
1115,逃,táo,逃避,táo bì,逃离,táo lí,
1116,绩,jì,成绩,chéng jì,业绩,yè jì,
1117,乌,wū / wù,乌克兰,wū kè lán,乌云,wū yún,
1118,喝,hē / hè,喝酒,hē jiǔ,喝水,hē shuǐ,
1119,阻,zǔ,阻止,zǔ zhǐ,阻力,zǔ lì,
1120,川,chuān,四川省,sì chuān shěng,河川,hé chuān,
1121,涉,shè,涉及,shè jí,干涉,gān shè,
1122,捕,bǔ,被捕,bèi bǔ,捕鱼,bǔ yú,
1123,震,zhèn,地震,dì zhèn,震惊,zhèn jīng,
1124,鼓,gǔ,鼓舞,gǔ wǔ,鼓动,gǔ dòng,
1125,兄,xiōng,兄弟,xiōng dì,弟兄,dì xiōng,
1126,蛋,dàn,蛋白,dàn bái,蛋白质,dàn bái zhì,
1127,植,zhí,植物,zhí wù,种植,zhòng zhí,
1128,床,chuáng,床上,chuáng shàng,临床,lín chuáng,
1129,距,jù,距离,jù lí,差距,chā jù,
1130,佳,jiā,最佳,zuì jiā,不佳,bù jiā,
1131,键,jiàn,关键,guān jiàn,键盘,jiàn pán,
1132,鸡,jī,鸡巴,jī bā,鸡蛋,jī dàn,
1133,洗,xǐ / xiǎn,清洗,qīng xǐ,洗脑,xǐ nǎo,
1134,狱,yù,监狱,jiān yù,地狱,dì yù,
1135,途,tú,用途,yòng tú,途中,tú zhōng,
1136,魔,mó,魔法,mó fǎ,恶魔,è mó,
1137,雄,xióng,英雄,yīng xióng,雄性,xióng xìng,
1138,奶,nǎi,奶奶,nǎi nǎi,牛奶,niú nǎi,
1139,邦,bāng,联邦,lián bāng,城邦,chéng bāng,
1140,卷,juǎn / juàn,卷入,juǎn rù,席卷,xí juǎn,
1141,励,lì,鼓励,gǔ lì,奖励,jiǎng lì,
1142,末,mò / me,周末,zhōu mò,年末,nián mò,
1143,跳,tiào,跳舞,tiào wǔ,心跳,xīn tiào,
1144,替,tì,代替,dài tì,替代,tì dài,
1145,链,liàn,链接,liàn jiē,链条,liàn tiáo,
1146,搜,sōu,搜索,sōu suǒ,搜集,sōu jí,
1147,伙,huǒ,家伙,jiā huo,小伙子,xiǎo huǒ zi,
1148,纽,niǔ,纽约,niǔ yuē,纽带,niǔ dài,
1149,夺,duó,争夺,zhēng duó,夺取,duó qǔ,
1150,灾,zāi,灾难,zāi nàn,灾害,zāi hài,
1151,岸,àn,两岸,liǎng àn,海岸,hǎi àn,
1152,废,fèi,废除,fèi chú,废物,fèi wù,
1153,刺,cì / cī,刺激,cì jī,刺杀,cì shā,
1154,弱,ruò,弱点,ruò diǎn,减弱,jiǎn ruò,
1155,烟,yān,烟草,yān cǎo,香烟,xiāng yān,
1156,兼,jiān,兼职,jiān zhí,兼任,jiān rèn,
1157,麻,má,大麻,dà má,麻将,má jiāng,
1158,旗,qí,旗下,qí xià,国旗,guó qí,
1159,署,shǔ,签署,qiān shǔ,部署,bù shǔ,
1160,瓦,wǎ,瓦解,wá jiě,瓦斯,wǎ sī,
1161,狂,kuáng,狂热,kuáng rè,狂欢,kuáng huān,
1162,遍,biàn,普遍,pǔ biàn,一遍,yī biàn,
1163,辆,liàng,车辆,chē liàng,一辆,yī liàng,
1164,莱,lái,莱斯,lái sī,莱克,lái kè,
1165,忙,máng,帮忙,bāng máng,忙于,máng yú,
1166,驻,zhù,进驻,jìn zhù,驻地,zhù dì,
1167,麦,mài,小麦,xiǎo mài,麦克,mài kè,
1168,残,cán,残留,cán liú,残暴,cán bào,
1169,莫,mò,莫斯科,mò sī kē,莫非,mò fēi,
1170,逼,bī,逼近,bī jìn,逼迫,bī pò,
1171,触,chù,接触,jiē chù,触及,chù jí,
1172,姆,mǔ,拉姆,lā mǔ,保姆,bǎo mǔ,
1173,拒,jù,拒绝,jù jué,抗拒,kàng jù,
1174,符,fú,符合,fú hé,符号,fú hào,
1175,隐,yǐn,隐藏,yǐn cáng,隐私,yǐn sī,
1176,籍,jí,书籍,shū jí,国籍,guó jí,
1177,盛,shèng / chéng,华盛顿,huá shèng dùn,盛大,shèng dà,
1178,描,miáo,描述,miáo shù,描写,miáo xiě,
1179,册,cè,注册,zhù cè,手册,shǒu cè,
1180,娘,niáng,新娘,xīn niáng,娘娘,niáng niáng,
1181,沉,chén,沉重,chén zhòng,沉睡,chén shuì,
1182,徒,tú,基督徒,jī dū tú,信徒,xìn tú,
1183,丹,dān,丹麦,dān mài,苏丹,sū dān,
1184,坛,tán,论坛,lùn tán,政坛,zhèng tán,
1185,津,jīn,天津,tiān jīn,津贴,jīn tiē,
1186,冠,guān / guàn,冠军,guàn jūn,夺冠,duó guàn,
1187,掌,zhǎng,掌控,zhǎng kòng,掌声,zhǎng shēng,
1188,胡,hú,胡子,hú zi,胡同,hú tòng,
1189,毫,háo,毫无,háo wú,毫米,háo mǐ,
1190,宾,bīn,宾馆,bīn guǎn,来宾,lái bīn,
1191,抵,dǐ,抵达,dǐ dá,抵制,dǐ zhì,
1192,婆,pó,老婆,lǎo pó,婆婆,pó po,
1193,冰,bīng,冰川,bīng chuān,冰冷,bīng lěng,
1194,迹,jì,奇迹,qí jì,迹象,jì xiàng,
1195,祖,zǔ,祖国,zǔ guó,祖先,zǔ xiān,
1196,伴,bàn,伙伴,huǒ bàn,伴随,bàn suí,
1197,污,wū,污染,wū rǎn,污水,wū shuǐ,
1198,抱,bào,拥抱,yōng bào,怀抱,huái bào,
1199,泛,fàn,广泛,guǎng fàn,泛指,fàn zhǐ,
1200,阴,yīn,阴谋,yīn móu,阴影,yīn yǐng,
1201,粉,fěn,粉丝,fěn sī,奶粉,nǎi fěn,
1202,纷,fēn,纷纷,fēn fēn,纷争,fēn zhēng,
1203,朗,lǎng,伊朗,yī lǎng,布朗,bù lǎng,
1204,杯,bēi,世界杯,shì jiè bēi,一杯,yī bēi,
1205,菜,cài,菜单,cài dān,白菜,bái cài,
1206,累,lèi / léi / lěi,积累,jī lěi,累计,lěi jì,
1207,鬼,guǐ,魔鬼,mó guǐ,吸血鬼,xī xuè guǐ,
1208,恋,liàn,恋爱,liàn ài,同性恋,tóng xìng liàn,
1209,偷,tōu,偷偷,tōu tōu,小偷,xiǎo tōu,
1210,纯,chún,单纯,dān chún,纯属,chún shǔ,
1211,潮,cháo,高潮,gāo cháo,潮流,cháo liú,
1212,勇,yǒng,勇气,yǒng qì,勇敢,yǒng gǎn,
1213,昨,zuó,昨天,zuó tiān,昨晚,zuó wǎn,
1214,倍,bèi,两倍,liǎng bèi,一倍,yí bèi,
1215,镜,jìng,镜头,jìng tóu,眼镜,yǎn jìng,
1216,罚,fá,处罚,chǔ fá,罚款,fá kuǎn,
1217,阵,zhèn,一阵,yī zhèn,阵营,zhèn yíng,
1218,暂,zàn,暂时,zàn shí,暂停,zàn tíng,
1219,伟,wěi,伟大,wěi dà,伟人,wěi rén,
1220,摩,mó / mā,按摩,àn mó,摩托车,mó tuō chē,
1221,径,jìng,途径,tú jìng,直径,zhí jìng,
1222,默,mò,沉默,chén mò,默默,mò mò,
1223,抢,qiǎng / qiāng,抢救,qiǎng jiù,抢夺,qiǎng duó,
1224,菲,fēi / fěi,菲律宾,fēi lǜ bīn,菲尔,fēi ěr,
1225,曼,màn,阿曼,ā màn,曼哈顿,màn hā dùn,
1226,档,dàng,档案,dàng àn,文档,wén dàng,
1227,贫,pín,贫困,pín kùn,贫民,pín mín,
1228,埃,āi,埃及,āi jí,苏维埃,sū wéi āi,
1229,惯,guàn,习惯,xí guàn,惯例,guàn lì,
1230,仪,yí,仪式,yí shì,仪器,yí qì,
1231,蓝,lán,蓝色,lán sè,蓝天,lán tiān,
1232,允,yǔn,允许,yún xǔ,允诺,yǔn nuò,
1233,挂,guà,挂牌,guà pái,外挂,wài guà,
1234,折,zhé / shé / zhē,曲折,qū zhé,转折,zhuǎn zhé,
1235,烧,shāo,烧毁,shāo huǐ,发烧,fā shāo,
1236,祝,zhù,庆祝,qìng zhù,祝福,zhù fú,
1237,坡,pō,新加坡,xīn jiā pō,山坡,shān pō,
1238,奋,fèn,兴奋,xīng fèn,奋斗,fèn dòu,
1239,姓,xìng,百姓,bǎi xìng,老百姓,lǎo bǎi xìng,
1240,疯,fēng,疯狂,fēng kuáng,疯子,fēng zi,
1241,零,líng,零售,líng shòu,零件,líng jiàn,
1242,缩,suō,缩短,suō duǎn,缩小,suō xiǎo,
1243,矿,kuàng,矿产,kuàng chǎn,矿业,kuàng yè,
1244,艾,ài / yì,艾伦,ài lún,艾尔,ài ěr,
1245,袭,xí,袭击,xí jī,空袭,kōng xí,
1246,租,zū,出租,chū zū,出租车,chū zū chē,
1247,彻,chè,彻底,chè dǐ,透彻,tòu chè,
1248,映,yìng,反映,fǎn yìng,上映,shàng yìng,
1249,耳,ěr,土耳其,tǔ ěr qí,耳机,ěr jī,
1250,谷,gǔ,谷歌,gǔ gē,曼谷,màn gǔ,
1251,宽,kuān,宽容,kuān róng,宽松,kuān sōng,
1252,瑞,ruì,瑞典,ruì diǎn,瑞士,ruì shì,
1253,刊,kān,周刊,zhōu kān,刊登,kān dēng,
1254,虚,xū,虚假,xū jiǎ,虚构,xū gòu,
1255,圈,quān / juān / juàn,一圈,yī quān,圈子,quān zi,
1256,幅,fú,大幅,dà fú,一幅,yī fú,
1257,询,xún,询问,xún wèn,查询,chá xún,
1258,棒,bàng,很棒,hěn bàng,棒球,bàng qiú,
1259,邀,yāo,邀请,yāo qǐng,受邀,shòu yāo,
1260,措,cuò,措施,cuò shī,举措,jǔ cuò,
1261,辖,xiá,管辖,guǎn xiá,辖区,xiá qū,
1262,悲,bēi,悲剧,bēi jù,悲伤,bēi shāng,
1263,潜,qián,潜力,qián lì,潜在,qián zài,
1264,叶,yè / xié,叶子,yè zi,中叶,zhōng yè,
1265,烦,fán,麻烦,má fán,心烦,xīn fán,
1266,雅,yǎ,优雅,yōu yǎ,雅典,yǎ diǎn,
1267,撤,chè,撤销,chè xiāo,撤离,chè lí,
1268,甲,jiǎ,装甲,zhuāng jiǎ,指甲,zhǐ jiǎ,
1269,欲,yù,欲望,yù wàng,性欲,xìng yù,
1270,漂,piāo / piào / piǎo,漂亮,piào liàng,漂流,piāo liú,
1271,墙,qiáng,墙上,qiáng shàng,城墙,chéng qiáng,
1272,旁,páng,旁边,páng biān,身旁,shēn páng,
1273,硬,yìng,硬件,yìng jiàn,硬币,yìng bì,
1274,截,jié,截至,jié zhì,截图,jié tú,
1275,刘,liú,刘家,liú jiā,刘海,liú hǎi,
1276,骨,gǔ / gū,骨头,gǔ tou,骨干,gǔ gàn,
1277,贷,dài,贷款,dài kuǎn,信贷,xìn dài,
1278,雪,xuě,冰雪,bīng xuě,雪山,xuě shān,
1279,奴,nú,奴才,nú cái,农奴,nóng nú,
1280,黎,lí,巴黎,bā lí,黎明,lí míng,
1281,忆,yì,记忆,jì yì,回忆,huí yì,
1282,诚,chéng,诚信,chéng xìn,真诚,zhēn chéng,
1283,粮,liáng,粮食,liáng shí,口粮,kǒu liáng,
1284,症,zhèng / zhēng,症状,zhèng zhuàng,病症,bìng zhèng,
1285,倾,qīng,倾向,qīng xiàng,倾听,qīng tīng,
1286,忍,rěn,残忍,cán rěn,忍受,rěn shòu,
1287,赚,zhuàn / zuàn,赚钱,zhuàn qián,网赚,wǎng zhuàn,
1288,宜,yí,便宜,pián yi,适宜,shì yí,
1289,爷,yé,爷爷,yé yé,大爷,dà yé,
1290,嘴,zuǐ,嘴里,zuǐ lǐ,嘴巴,zuǐ bā,
1291,呀,ya / yā,啊呀,a ya,天呀,tiān yā,
1292,握,wò,掌握,zhǎng wò,把握,bǎ wò,
1293,伍,wǔ,队伍,duì wǔ,退伍,tuì wǔ,
1294,览,lǎn,展览,zhǎn lǎn,游览,yóu lǎn,
1295,灯,dēng,灯光,dēng guāng,灯塔,dēng tǎ,
1296,锁,suǒ,封锁,fēng suǒ,锁定,suǒ dìng,
1297,乏,fá,缺乏,quē fá,不乏,bù fá,
1298,拟,nǐ,模拟,mó nǐ,虚拟,xū nǐ,
1299,舰,jiàn,舰队,jiàn duì,军舰,jūn jiàn,
1300,聊,liáo,聊天,liáo tiān,无聊,wú liáo,
1301,邮,yóu,邮件,yóu jiàn,邮政,yóu zhèng,
1302,摆,bǎi,摆脱,bǎi tuō,摆在,bǎi zài,
1303,钢,gāng,钢铁,gāng tiě,钢材,gāng cái,
1304,隔,gé,隔离,gé lí,间隔,jiàn gé,
1305,丁,dīng / zhēng,马丁,mǎ dīng,拉丁,lā dīng,
1306,胁,xié,威胁,wēi xié,胁迫,xié pò,
1307,沿,yán,沿海,yán hǎi,沿岸,yán àn,
1308,侧,cè / zhāi,两侧,liǎng cè,东侧,dōng cè,
1309,偏,piān,偏见,piān jiàn,偏偏,piān piān,
1310,殖,zhí,养殖,yǎng zhí,殖民,zhí mín,
1311,扬,yáng,宣扬,xuān yáng,赞扬,zàn yáng,
1312,贡,gòng,贡献,gòng xiàn,贡士,gòng shì,
1313,恢,huī,恢复,huī fù,恢复期,huī fù qī,
1314,械,xiè,机械,jī xiè,器械,qì xiè,
1315,陷,xiàn,陷入,xiàn rù,缺陷,quē xiàn,
1316,缘,yuán,边缘,biān yuán,缘故,yuán gù,
1317,患,huàn,患者,huàn zhě,隐患,yǐn huàn,
1318,戴,dài,戴上,dài shàng,穿戴,chuān dài,
1319,净,jìng,干净,gān jìng,净化,jìng huà,
1320,迅,xùn,迅速,xùn sù,鲁迅,lǔ xùn,
1321,惠,huì,优惠,yōu huì,实惠,shí huì,
1322,杰,jié,杰出,jié chū,杰作,jié zuò,
1323,圆,yuán,圆满,yuán mǎn,圆形,yuán xíng,
1324,缓,huǎn,缓慢,huǎn màn,缓解,huán jiě,
1325,搭,dā,搭配,dā pèi,搭建,dā jiàn,
1326,繁,fán / pó,繁荣,fán róng,频繁,pín fán,
1327,详,xiáng,详细,xiáng xì,详情,xiáng qíng,
1328,迁,qiān,变迁,biàn qiān,迁移,qiān yí,
1329,刀,dāo,一刀,yī dāo,刀子,dāo zi,
1330,齐,qí,齐全,qí quán,整齐,zhěng qí,
1331,殊,shū,特殊,tè shū,殊荣,shū róng,
1332,扰,rǎo,干扰,gān rǎo,困扰,kùn rǎo,
1333,绪,xù,情绪,qíng xù,光绪,guāng xù,
1334,乘,chéng / shèng,乘客,chéng kè,乘坐,chéng zuò,
1335,赏,shǎng,观赏,guān shǎng,赞赏,zàn shǎng,
1336,债,zhài,债务,zhài wù,负债,fù zhài,
1337,娱,yú,娱乐,yú lè,娱乐场,yú lè chǎng,
1338,券,quàn,证券,zhèng quàn,债券,zhài quàn,
1339,冒,mào,冒险,mào xiǎn,感冒,gǎn mào,
1340,诸,zhū,诸多,zhū duō,诸如,zhū rú,
1341,峰,fēng,高峰,gāo fēng,峰会,fēng huì,
1342,旦,dàn,一旦,yí dàn,花旦,huā dàn,
1343,孙,sūn,孙子,sūn zi,孙中山,sūn zhōng shān,
1344,涨,zhǎng / zhàng,上涨,shàng zhǎng,高涨,gāo zhǎng,
1345,饮,yǐn / yìn,饮食,yǐn shí,饮料,yǐn liào,
1346,荐,jiàn,推荐,tuī jiàn,引荐,yǐn jiàn,
1347,跨,kuà,跨越,kuà yuè,跨国,kuà guó,
1348,趋,qū,趋势,qū shì,日趋,rì qū,
1349,腐,fǔ,腐败,fǔ bài,反腐,fǎn fǔ,
1350,衡,héng,平衡,píng héng,衡量,héng liáng,
1351,茶,chá,茶叶,chá yè,喝茶,hē chá,
1352,剩,shèng,剩下,shèng xià,剩余,shèng yú,
1353,弄,nòng / lòng,玩弄,wán nòng,弄清,nòng qīng,
1354,鸟,niǎo / diǎo,鸟类,niǎo lèi,小鸟,xiǎo niǎo,
1355,俗,sú,习俗,xí sú,俗称,sú chēng,
1356,怖,bù,恐怖,kǒng bù,恐怖片,kǒng bù piàn,
1357,猫,māo / máo,小猫,xiǎo māo,天猫,tiān māo,
1358,猪,zhū,猪肉,zhū ròu,猪头,zhū tóu,
1359,玛,mǎ,玛丽,mǎ lì,玛丽亚,mǎ lì yà,
1360,骑,qí,骑士,qí shì,骑兵,qí bīng,
1361,龄,líng,年龄,nián líng,高龄,gāo líng,
1362,疾,jí,疾病,jí bìng,残疾,cán jí,
1363,碍,ài,障碍,zhàng ài,阻碍,zǔ ài,
1364,唐,táng,唐人,táng rén,唐突,táng tū,
1365,饰,shì,装饰,zhuāng shì,服饰,fú shì,
1366,苹,píng,苹果,píng guǒ,苹果派,píng guǒ pài,
1367,洞,dòng / tóng,黑洞,hēi dòng,空洞,kōng dòng,
1368,誉,yù,荣誉,róng yù,名誉,míng yù,
1369,偶,ǒu,偶像,ǒu xiàng,偶尔,ǒu ěr,
1370,抽,chōu,抽烟,chōu yān,抽象,chōu xiàng,
1371,炮,pào / bāo / páo,大炮,dà pào,炮弹,pào dàn,
1372,迟,chí,延迟,yán chí,推迟,tuī chí,
1373,呈,chéng,呈现,chéng xiàn,呈报,chéng bào,
1374,丢,diū,丢脸,diū liǎn,丢失,diū shī,
1375,犹,yóu,犹太人,yóu tài rén,犹太,yóu tài,
1376,荷,hé / hè,荷兰,hé lán,负荷,fù hè,
1377,哭,kū,大哭,dà kū,痛哭,tòng kū,
1378,储,chǔ,储存,chǔ cún,存储,cún chǔ,
1379,揭,jiē,揭露,jiē lù,揭开,jiē kāi,
1380,踪,zōng,失踪,shī zōng,跟踪,gēn zōng,
1381,胞,bāo,细胞,xì bāo,同胞,tóng bāo,
1382,邻,lín,邻居,lín jū,邻近,lín jìn,
1383,驾,jià,驾车,jià chē,驾照,jià zhào,
1384,庄,zhuāng,村庄,cūn zhuāng,庄园,zhuāng yuán,
1385,役,yì,战役,zhàn yì,奴役,nú yì,
1386,隶,lì,奴隶,nú lì,隶属,lì shǔ,
1387,怒,nù,激怒,jī nù,怒火,nù huǒ,
1388,液,yè,血液,xuè yè,液体,yè tǐ,
1389,堡,bǎo / bǔ / pù,城堡,chéng bǎo,汉堡,hàn bǎo,
1390,姑,gū,姑娘,gū niáng,姑姑,gū gū,
1391,猜,cāi,猜测,cāi cè,猜想,cāi xiǎng,
1392,颜,yán,颜色,yán sè,颜料,yán liào,
1393,巧,qiǎo,技巧,jì qiǎo,巧克力,qiǎo kè lì,
1394,插,chā,插入,chā rù,插图,chā tú,
1395,账,zhàng,账号,zhàng hào,账户,zhàng hù,
1396,幼,yòu,幼儿园,yòu ér yuán,幼儿,yòu ér,
1397,赖,lài,依赖,yī lài,信赖,xìn lài,
1398,墨,mò,墨西哥,mò xī gē,墨水,mò shuǐ,
1399,皆,jiē,皆然,jiē rán,,,
1400,润,rùn,利润,lì rùn,净利润,jìng lì rùn,
1401,辩,biàn,辩论,biàn lùn,辩护,biàn hù,
1402,裂,liè,分裂,fēn liè,破裂,pò liè,
1403,敬,jìng,尊敬,zūn jìng,致敬,zhì jìng,
1404,娜,nà / nuó,安娜,ān nà,米娜,mǐ nà,
1405,尝,cháng,尝试,cháng shì,品尝,pǐn cháng,
1406,忽,hū,忽视,hū shì,忽略,hū lüè,
1407,返,fǎn,返回,fǎn huí,重返,chóng fǎn,
1408,虎,hǔ,老虎,lǎo hǔ,马虎,mǎ hǔ,
1409,凡,fán,凡是,fán shì,平凡,píng fán,
1410,筹,chóu,筹备,chóu bèi,统筹,tǒng chóu,
1411,厌,yàn,讨厌,tǎo yàn,厌恶,yàn wù,
1412,秒,miǎo,一秒,yī miǎo,秒钟,miǎo zhōng,
1413,颗,kē,一颗,yī kē,两颗,liǎng kē,
1414,吓,xià / hè,恐吓,kǒng hè,吓坏,xià huài,
1415,腿,tuǐ,大腿,dà tuǐ,双腿,shuāng tuǐ,
1416,焦,jiāo,焦点,jiāo diǎn,焦虑,jiāo lǜ,
1417,辞,cí,辞职,cí zhí,辞去,cí qù,
1418,盗,dào,海盗,hǎi dào,强盗,qiáng dào,
1419,彼,bǐ,彼此,bǐ cǐ,彼得,bǐ dé,
1420,幻,huàn,幻想,huàn xiǎng,梦幻,mèng huàn,
1421,扎,zhā / zā / zhá,扎实,zhā shí,驻扎,zhù zhā,
1422,董,dǒng,董事,dǒng shì,董事会,dǒng shì huì,
1423,疆,jiāng,边疆,biān jiāng,疆域,jiāng yù,
1424,绕,rào,围绕,wéi rào,环绕,huán rào,
1425,碰,pèng,碰到,pèng dào,碰上,pèng shàng,
1426,豪,háo,豪华,háo huá,自豪,zì háo,
1427,穷,qióng,贫穷,pín qióng,穷人,qióng rén,
1428,燃,rán,燃料,rán liào,燃烧,rán shāo,
1429,疫,yì,疫情,yì qíng,免疫,miǎn yì,
1430,滑,huá,下滑,xià huá,滑雪,huá xuě,
1431,尾,wěi / yǐ,尾巴,wěi ba,结尾,jié wěi,
1432,骚,sāo,骚扰,sāo rǎo,骚乱,sāo luàn,
1433,挺,tǐng,挺进,tǐng jìn,挺身,tǐng shēn,
1434,睛,jīng,眼睛,yǎn jīng,点睛,diǎn jīng,
1435,偿,cháng,补偿,bǔ cháng,偿还,cháng huán,
1436,剑,jiàn,宝剑,bǎo jiàn,刀剑,dāo jiàn,
1437,秋,qiū,春秋,chūn qiū,秋天,qiū tiān,
1438,轨,guǐ,轨道,guǐ dào,轨迹,guǐ jì,
1439,叙,xù,叙述,xù shù,叙利亚,xù lì yà,
1440,凭,píng,凭借,píng jiè,文凭,wén píng,
1441,酸,suān,酸性,suān xìng,酸奶,suān nǎi,
1442,尺,chǐ / chě,尺度,chǐ dù,公尺,gōng chǐ,
1443,敦,dūn,伦敦,lún dūn,敦促,dūn cù,
1444,沟,gōu,沟通,gōu tōng,水沟,shuǐ gōu,
1445,玉,yù,玉米,yù mǐ,宝玉,bǎo yù,
1446,梅,méi,梅花,méi huā,梅尔,méi ěr,
1447,剂,jì,剂量,jì liàng,调剂,tiáo jì,
1448,糖,táng,糖果,táng guǒ,血糖,xuè táng,
1449,驱,qū,驱动,qū dòng,驱逐,qū zhú,
1450,珠,zhū,珠宝,zhū bǎo,明珠,míng zhū,
1451,践,jiàn,实践,shí jiàn,践行,jiàn xíng,
1452,驶,shǐ,驾驶,jià shǐ,行驶,xíng shǐ,
1453,脏,zàng / zāng,心脏,xīn zàng,心脏病,xīn zàng bìng,
1454,递,dì,传递,chuán dì,快递,kuài dì,
1455,箱,xiāng,冰箱,bīng xiāng,邮箱,yóu xiāng,
1456,悉,xī,熟悉,shú xī,据悉,jù xī,
1457,君,jūn,君主,jūn zhǔ,君子,jūn zǐ,
1458,哲,zhé,哲学,zhé xué,哲学家,zhé xué jiā,
1459,刷,shuā / shuà,印刷,yìn shuā,刷新,shuā xīn,
1460,屁,pì,屁股,pì gǔ,屁眼,pì yǎn,
1461,孕,yùn,怀孕,huái yùn,孕妇,yùn fù,
1462,仰,yǎng,信仰,xìn yǎng,仰望,yǎng wàng,
1463,兽,shòu,野兽,yě shòu,怪兽,guài shòu,
1464,穆,mù,穆斯林,mù sī lín,穆斯,mù sī,
1465,孤,gū,孤独,gū dú,孤立,gū lì,
1466,晨,chén,早晨,zǎo chén,清晨,qīng chén,
1467,梁,liáng,桥梁,qiáo liáng,梁家,liáng jiā,
1468,肥,féi,减肥,jiǎn féi,肥料,féi liào,
1469,厉,lì,厉害,lì hài,严厉,yán lì,
1470,腊,là / xī,希腊,xī là,腊肉,là ròu,
1471,隆,lóng / lōng,干隆,gàn lóng,隆重,lóng zhòng,
1472,凯,kǎi,凯尔,kǎi ěr,凯斯,kǎi sī,
1473,覆,fù,覆盖,fù gài,反覆,fǎn fù,
1474,辛,xīn,辛苦,xīn kǔ,辛劳,xīn láo,
1475,绘,huì,绘画,huì huà,描绘,miáo huì,
1476,纵,zòng,操纵,cāo zòng,纵然,zòng rán,
1477,池,chí,电池,diàn chí,水池,shuǐ chí,
1478,辈,bèi,一辈子,yī bèi zi,前辈,qián bèi,
1479,颁,bān,颁布,bān bù,颁发,bān fā,
1480,赌,dǔ,赌场,dú chǎng,赌博,dǔ bó,
1481,罢,bà / ba,罢了,bà le,罢工,bà gōng,
1482,惨,cǎn,悲惨,bēi cǎn,惨案,cǎn àn,
1483,肤,fū,皮肤,pí fū,肤色,fū sè,
1484,宇,yǔ,楼宇,lóu yǔ,宇航员,yǔ háng yuán,
1485,陪,péi,陪伴,péi bàn,陪同,péi tóng,
1486,恨,hèn,痛恨,tòng hèn,恨不得,hèn bù dé,
1487,酷,kù,残酷,cán kù,酷刑,kù xíng,
1488,蒂,dì,蒂姆,dì mǔ,阴蒂,yīn dì,
1489,胆,dǎn,大胆,dà dǎn,胆子,dǎn zi,
1490,吨,dūn,万吨,wàn dūn,亿吨,yì dūn,
1491,厚,hòu,深厚,shēn hòu,厚度,hòu dù,
1492,骂,mà,骂人,mà rén,责骂,zé mà,
1493,袋,dài,脑袋,nǎo dài,口袋,kǒu dài,
1494,伸,shēn,延伸,yán shēn,伸出,shēn chū,
1495,绑,bǎng,绑架,bǎng jià,绑定,bǎng dìng,
1496,甘,gān,甘心,gān xīn,甘愿,gān yuàn,
1497,巡,xún,巡视,xún shì,巡回,xún huí,
1498,帐,zhàng,帐幕,zhàng mù,营帐,yíng zhàng,
1499,咱,zán / zá,咱们,zán men,咱家,zá jiā,
1500,杨,yáng,杨家,yáng jiā,杨梅,yáng méi,
1501,盾,dùn,盾牌,dùn pái,后盾,hòu dùn,
1502,俱,jù,俱乐部,jù lè bù,俱全,jù quán,
1503,敏,mǐn,敏感,mǐn gǎn,过敏,guò mǐn,
1504,啥,shá,为啥,wèi shá,啥子,shá zi,
1505,搬,bān,搬迁,bān qiān,搬家,bān jiā,
1506,窗,chuāng,窗口,chuāng kǒu,窗户,chuāng hù,
1507,摇,yáo,动摇,dòng yáo,摇摆,yáo bǎi,
1508,滚,gǔn,摇滚,yáo gǔn,滚动,gǔn dòng,
1509,循,xún,循环,xún huán,依循,yī xún,
1510,豆,dòu,土豆,tǔ dòu,豆腐,dòu fǔ,
1511,阁,gé,内阁,nèi gé,阁下,gé xià,
1512,胸,xiōng,胸部,xiōng bù,胸口,xiōng kǒu,
1513,惜,xī,可惜,kě xī,不惜,bù xī,
1514,忠,zhōng,忠诚,zhōng chéng,忠实,zhōng shí,
1515,貌,mào,面貌,miàn mào,礼貌,lǐ mào,
1516,乔,qiáo,乔治,qiáo zhì,乔木,qiáo mù,
1517,诞,dàn,诞生,dàn shēng,圣诞,shèng dàn,
1518,横,héng / hèng,横向,héng xiàng,横跨,héng kuà,
1519,逻,luó,逻辑,luó jí,巡逻,xún luó,
1520,尸,shī,尸体,shī tǐ,死尸,sǐ shī,
1521,袖,xiù,领袖,lǐng xiù,袖子,xiù zi,
1522,魂,hún,灵魂,líng hún,鬼魂,guǐ hún,
1523,拔,bá,海拔,hǎi bá,选拔,xuǎn bá,
1524,愈,yù,治愈,zhì yù,愈来愈,yù lái yù,
1525,撞,zhuàng,碰撞,pèng zhuàng,撞击,zhuàng jī,
1526,吹,chuī,鼓吹,gǔ chuī,吹牛,chuī niú,
1527,舍,shě / shè,舍得,shě de,舍弃,shě qì,
1528,浙,zhè,浙江省,zhè jiāng shěng,,,
1529,奏,zòu,节奏,jié zòu,演奏,yǎn zòu,
1530,舒,shū,舒服,shū fú,舒适,shū shì,
1531,丈,zhàng,丈夫,zhàng fū,丈母娘,zhàng mǔ niáng,
1532,拖,tuō,拖延,tuō yán,拖累,tuō lěi,
1533,遵,zūn,遵守,zūn shǒu,遵循,zūn xún,
1534,闪,shǎn,闪电,shǎn diàn,闪亮,shǎn liàng,
1535,珍,zhēn,珍贵,zhēn guì,珍惜,zhēn xī,
1536,洁,jié,清洁,qīng jié,简洁,jiǎn jié,
1537,嘉,jiā,嘉宾,jiā bīn,嘉年华,jiā nián huá,
1538,莉,lì,莉莉,lì lì,凯莉,kǎi lì,
1539,荡,dàng,动荡,dòng dàng,震荡,zhèn dàng,
1540,贯,guàn,贯彻,guàn chè,一贯,yí guàn,
1541,暖,nuǎn,温暖,wēn nuǎn,取暖,qǔ nuǎn,
1542,墓,mù,墓地,mù dì,古墓,gǔ mù,
1543,渡,dù,过渡,guò dù,渡过,dù guò,
1544,闲,xián,休闲,xiū xián,闲置,xián zhì,
1545,扫,sǎo / sào,扫描,sǎo miáo,打扫,dá sǎo,
1546,脉,mài / mò,山脉,shān mài,脉冲,mài chōng,
1547,丧,sàng / sāng,丧失,sàng shī,丧生,sàng shēng,
1548,虫,chóng,虫子,chóng zi,幼虫,yòu chóng,
1549,伪,wěi,伪造,wěi zào,虚伪,xū wěi,
1550,闹,nào,热闹,rè nào,胡闹,hú nào,
1551,跃,yuè,活跃,huó yuè,飞跃,fēi yuè,
1552,壁,bì,隔壁,gé bì,墙壁,qiáng bì,
1553,冬,dōng,冬天,dōng tiān,冬季,dōng jì,
1554,鉴,jiàn,鉴定,jiàn dìng,鉴于,jiàn yú,
1555,奉,fèng,奉献,fèng xiàn,信奉,xìn fèng,
1556,忧,yōu,担忧,dān yōu,忧虑,yōu lǜ,
1557,欣,xīn,欣赏,xīn shǎng,欣喜,xīn xǐ,
1558,碎,suì,碎片,suì piàn,粉碎,fěn suì,
1559,仔,zǎi / zǐ / zī,仔细,zǐ xì,牛仔,niú zǎi,
1560,嫌,xián,涉嫌,shè xián,嫌犯,xián fàn,
1561,咖,kā / gā,咖啡,kā fēi,咖啡馆,kā fēi guǎn,
1562,牲,shēng,牲口,shēng kǒu,三牲,sān shēng,
1563,锋,fēng,先锋,xiān fēng,前锋,qián fēng,
1564,泪,lèi,眼泪,yǎn lèi,泪水,lèi shuǐ,
1565,乳,rǔ,乳房,rǔ fáng,乳头,rǔ tóu,
1566,戒,jiè,警戒,jǐng jiè,戒指,jiè zhǐ,
1567,荒,huāng,荒唐,huāng táng,荒废,huāng fèi,
1568,旋,xuán / xuàn,旋转,xuán zhuǎn,旋律,xuán lǜ,
1569,篮,lán,篮球,lán qiú,篮板,lán bǎn,
1570,肃,sù,严肃,yán sù,肃清,sù qīng,
1571,臣,chén,大臣,dà chén,功臣,gōng chén,
1572,谱,pǔ,光谱,guāng pǔ,食谱,shí pǔ,
1573,撒,sā / sǎ,撒野,sā yě,撒手,sā shǒu,
1574,吻,wěn,亲吻,qīn wěn,接吻,jiē wěn,
1575,雇,gù,雇主,gù zhǔ,解雇,jiě gù,
1576,孔,kǒng,孔子,kǒng zi,面孔,miàn kǒng,
1577,牧,mù,牧师,mù shī,牧场,mù chǎng,
1578,榜,bǎng / bàng / péng,榜样,bǎng yàng,排行榜,pái háng bǎng,
1579,腾,téng,腾讯,téng xùn,折腾,zhē teng,
1580,歉,qiàn,道歉,dào qiàn,抱歉,bào qiàn,
1581,奸,jiān,强奸,qiáng jiān,汉奸,hàn jiān,
1582,泡,pào / pāo,泡泡,pào pào,灯泡,dēng pào,
1583,寺,sì,清真寺,qīng zhēn sì,寺院,sì yuàn,
1584,摸,mō / mó,触摸,chù mō,摸摸,mō mō,
1585,寄,jì,寄托,jì tuō,寄给,jì gěi,
1586,辅,fǔ,辅助,fǔ zhù,辅导,fǔ dǎo,
1587,葡,pú,葡萄牙,pú táo yá,葡萄,pú táo,
1588,裤,kù,裤子,kù zi,内裤,nèi kù,
1589,湿,shī,湿地,shī dì,潮湿,cháo shī,
1590,喊,hǎn,大喊,dà hǎn,呼喊,hū hǎn,
1591,诊,zhěn,诊断,zhěn duàn,诊所,zhěn suǒ,
1592,翰,hàn,约翰,yuē hàn,杨百翰,yáng bǎi hàn,
1593,丑,chǒu,丑闻,chǒu wén,小丑,xiǎo chǒu,
1594,宅,zhái,住宅,zhù zhái,豪宅,háo zhái,
1595,鞋,xié,鞋子,xié zi,拖鞋,tuō xié,
1596,磨,mó / mò,折磨,zhé mó,磨损,mó sǔn,
1597,惧,jù,恐惧,kǒng jù,惧怕,jù pà,
1598,叛,pàn,背叛,bèi pàn,叛乱,pàn luàn,
1599,岗,gǎng / gāng,岗位,gǎng wèi,下岗,xià gǎng,
1600,甜,tián,甜美,tián měi,甜点,tián diǎn,
1601,琴,qín,钢琴,gāng qín,小提琴,xiǎo tí qín,
1602,塑,sù,塑料,sù liào,塑造,sù zào,
1603,灰,huī,灰色,huī sè,骨灰,gǔ huī,
1604,泥,ní / nì,水泥,shuǐ ní,泥土,ní tǔ,
1605,姻,yīn,婚姻,hūn yīn,联姻,lián yīn,
1606,拼,pīn,拼命,pīn mìng,拼音,pīn yīn,
1607,矛,máo,矛盾,máo dùn,矛头,máo tóu,
1608,卢,lú,卢比,lú bǐ,卢布,lú bù,
1609,羊,yáng,山羊,shān yáng,羊毛,yáng máo,
1610,扣,kòu,折扣,zhé kòu,扣留,kòu liú,
1611,拆,chāi,拆除,chāi chú,拆迁,chāi qiān,
1612,愤,fèn,愤怒,fèn nù,气愤,qì fèn,
1613,锦,jǐn,锦标赛,jǐn biāo sài,集锦,jí jǐn,
1614,歧,qí,歧视,qí shì,分歧,fēn qí,
1615,宿,sù / xiǔ / xiù,宿舍,sù shè,住宿,zhù sù,
1616,炼,liàn,修炼,xiū liàn,提炼,tí liàn,
1617,耐,nài,耐心,nài xīn,忍耐,rěn nài,
1618,糟,zāo,更糟,gèng zāo,很糟,hěn zāo,
1619,轰,hōng,轰炸,hōng zhà,轰炸机,hōng zhà jī,
1620,仿,fǎng,模仿,mó fǎng,仿佛,fǎng fú,
1621,晋,jìn,晋升,jìn shēng,晋级,jìn jí,
1622,昌,chāng,昌盛,chāng shèng,昌明,chāng míng,
1623,煤,méi,煤矿,méi kuàng,煤气,méi qì,
1624,帅,shuài,帅哥,shuài gē,元帅,yuán shuài,
1625,洪,hóng,洪水,hóng shuǐ,洪灾,hóng zāi,
1626,泉,quán,温泉,wēn quán,源泉,yuán quán,
1627,稍,shāo / shào,稍微,shāo wēi,稍后,shāo hòu,
1628,啡,fēi,咖啡,kā fēi,咖啡馆,kā fēi guǎn,
1629,尖,jiān,顶尖,dǐng jiān,尖叫,jiān jiào,
1630,瓜,guā,西瓜,xī guā,南瓜,nán guā,
1631,汤,tāng / shāng,鸡汤,jī tāng,泡汤,pào tāng,
1632,邓,dèng,邓小平,dèng xiǎo píng,邓肯,dèng kěn,
1633,淡,dàn,淡水,dàn shuǐ,淡化,dàn huà,
1634,勤,qín,后勤,hòu qín,勤劳,qín láo,
1635,崇,chóng,崇拜,chóng bài,推崇,tuī chóng,
1636,番,fān / pān,一番,yì fān,番号,fān hào,
1637,捐,juān,捐款,juān kuǎn,捐助,juān zhù,
1638,贪,tān,贪污,tān wū,贪腐,tān fǔ,
1639,咨,zī,咨询,zī xún,咨文,zī wén,
1640,邪,xié,邪恶,xié è,邪教,xié jiào,
1641,圾,jī,垃圾,lā jī,垃圾桶,lā jī tǒng,
1642,垃,lā,垃圾,lā jī,垃圾箱,lā jī xiāng,
1643,迈,mài,迈进,mài jìn,迈向,mài xiàng,
1644,劲,jìn / jìng,强劲,qiáng jìng,使劲,shǐ jìn,
1645,壮,zhuàng,壮大,zhuàng dà,壮观,zhuàng guān,
1646,猎,liè,猎人,liè rén,猎物,liè wù,
1647,欺,qī,欺骗,qī piàn,欺负,qī fù,
1648,烂,làn,腐烂,fǔ làn,破烂,pò làn,
1649,廷,tíng,朝廷,cháo tíng,阿根廷,ā gēn tíng,
1650,辱,rǔ,辱骂,rǔ mà,受辱,shòu rǔ,
1651,郑,zhèng,郑重,zhèng zhòng,,,
1652,辽,liáo,辽西,liáo xī,辽远,liáo yuǎn,
1653,振,zhèn,振兴,zhèn xīng,振动,zhèn dòng,
1654,仁,rén,拜仁,bài rén,同仁,tóng rén,
1655,萄,táo,葡萄牙,pú táo yá,葡萄,pú táo,
1656,饿,è,饿死,è sǐ,饿鬼,è guǐ,
1657,箭,jiàn,火箭,huǒ jiàn,射箭,shè jiàn,
1658,割,gē,分割,fēn gē,切割,qiē gē,
1659,扮,bàn,扮演,bàn yǎn,打扮,dǎ bàn,
1660,杜,dù,杜绝,dù jué,杜塞,dù sāi,
1661,粗,cū,粗暴,cū bào,粗鲁,cū lǔ,
1662,陕,shǎn,陕西省,shǎn xī shěng,,,
1663,剥,bō / bāo,剥夺,bō duó,剥离,bō lí,
1664,牵,qiān,牵引,qiān yǐn,牵涉,qiān shè,
1665,诱,yòu,诱人,yòu rén,引诱,yǐn yòu,
1666,浓,nóng,浓度,nóng dù,浓厚,nóng hòu,
1667,宋,sòng,宋体,sòng tǐ,,,
1668,凶,xiōng,凶手,xiōng shǒu,元凶,yuán xiōng,
1669,喷,pēn / pèn,喷射,pēn shè,喷发,pēn fā,
1670,傻,shǎ,傻子,shǎ zi,傻瓜,shǎ guā,
1671,堆,duī,一堆,yī duī,堆积,duī jī,
1672,惩,chéng,惩罚,chéng fá,惩处,chéng chǔ,
1673,删,shān,删除,shān chú,删减,shān jiǎn,
1674,耗,hào,消耗,xiāo hào,耗费,hào fèi,
1675,牢,láo,坐牢,zuò láo,牢固,láo gù,
1676,妙,miào,奇妙,qí miào,巧妙,qiǎo miào,
1677,仙,xiān,神仙,shén xiān,仙女,xiān nǚ,
1678,桌,zhuō,桌子,zhuō zi,桌上,zhuō shàng,
1679,赋,fù,赋予,fù yǔ,天赋,tiān fù,
1680,撑,chēng,支撑,zhī chēng,硬撑,yìng chēng,
1681,慧,huì,智慧,zhì huì,慧眼,huì yǎn,
1682,聘,pìn,招聘,zhāo pìn,聘请,pìn qǐng,
1683,郎,láng,女郎,nǚ láng,太郎,tài láng,
1684,桃,táo,桃园,táo yuán,桃花,táo huā,
1685,胶,jiāo,塑胶,sù jiāo,胶带,jiāo dài,
1686,赔,péi,赔偿,péi cháng,索赔,suǒ péi,
1687,吴,wú,吴郭鱼,wú guō yú,,,
1688,漏,lòu,漏洞,lòu dòng,遗漏,yí lòu,
1689,赵,zhào,赵家,zhào jiā,,,
1690,遥,yáo,遥远,yáo yuǎn,遥控,yáo kòng,
1691,屠,tú,屠杀,tú shā,大屠杀,dà tú shā,
1692,翼,yì,左翼,zuǒ yì,右翼,yòu yì,
1693,御,yù,防御,fáng yù,抵御,dǐ yù,
1694,娃,wá,娃娃,wá wá,洋娃娃,yáng wá wá,
1695,屏,píng / bǐng / bīng,屏幕,píng mù,屏障,píng zhàng,
1696,跌,diē,下跌,xià diē,跌倒,diē dǎo,
1697,汗,hàn / hán,阿富汗,ā fù hàn,汗水,hàn shuǐ,
1698,乃,nǎi,乃至,nǎi zhì,乃是,nǎi shì,
1699,赫,hè,显赫,xiǎn hè,马赫,mǎ hè,
1700,糕,gāo,糟糕,zāo gāo,蛋糕,dàn gāo,
1701,稿,gǎo,投稿,tóu gǎo,手稿,shǒu gǎo,
1702,捷,jié,捷克,jié kè,捷运,jié yùn,
1703,恰,qià,恰当,qià dàng,恰好,qià hǎo,
1704,逊,xùn,亚马逊,yà mǎ xùn,逊色,xùn sè,
1705,拳,quán,拳头,quán tou,拳击,quán jī,
1706,牺,xī,牺牲,xī shēng,牺牲品,xī shēng pǐn,
1707,旨,zhǐ,宗旨,zōng zhǐ,旨在,zhǐ zài,
1708,叔,shū,叔叔,shū shū,大叔,dà shū,
1709,仇,chóu / qiú,仇恨,chóu hèn,报仇,bào chóu,
1710,霍,huò,挥霍,huī huò,霍夫,huò fū,
1711,厦,shà / xià,大厦,dà shà,航厦,háng shà,
1712,凌,líng,凌晨,líng chén,凌辱,líng rǔ,
1713,瓶,píng,一瓶,yī píng,瓶子,píng zi,
1714,晓,xiǎo,晓得,xiǎo de,知晓,zhī xiǎo,
1715,扶,fú,扶贫,fú pín,扶持,fú chí,
1716,尿,niào / suī,糖尿病,táng niào bìng,撒尿,sā niào,
1717,劫,jié,抢劫,qiǎng jié,劫持,jié chí,
1718,俩,liǎ / liǎng,他俩,tā liǎ,咱俩,zán liǎ,
1719,氏,shì / zhī,氏族,shì zú,姓氏,xìng shì,
1720,朱,zhū,朱莉,zhū lì,朱古力,zhū gǔ lì,
1721,癌,ái,癌症,ái zhèng,抗癌,kàng ái,
1722,氧,yǎng,氧气,yǎng qì,氧化,yǎng huà,
1723,胎,tāi,轮胎,lún tāi,胎儿,tāi ér,
1724,侦,zhēn,侦探,zhēn tàn,侦查,zhēn chá,
1725,厕,cè,厕所,cè suǒ,公厕,gōng cè,
1726,奔,bēn / bèn,奔跑,bēn pǎo,奔波,bēn bō,
1727,仓,cāng,仓库,cāng kù,仓储,cāng chǔ,
1728,惑,huò,诱惑,yòu huò,困惑,kùn huò,
1729,挖,wā,挖出,wā chū,开挖,kāi wā,
1730,滨,bīn,滨海,bīn hǎi,海滨,hǎi bīn,
1731,帕,pà,帕拉,pà lā,手帕,shǒu pà,
1732,廉,lián,威廉,wēi lián,廉价,lián jià,
1733,薄,báo / bó / bò,薄弱,bó ruò,薄荷,bò hé,
1734,岩,yán,岩石,yán shí,花岗岩,huā gǎng yán,
1735,栏,lán,专栏,zhuān lán,栏目,lán mù,
1736,纹,wén,指纹,zhǐ wén,条纹,tiáo wén,
1737,填,tián,填补,tián bǔ,填写,tián xiě,
1738,猛,měng,猛烈,měng liè,迅猛,xùn měng,
1739,逮,dǎi / dài,逮捕,dài bǔ,,,
1740,泳,yǒng,游泳,yóu yǒng,泳池,yǒng chí,
1741,寿,shòu,寿命,shòu mìng,长寿,cháng shòu,
1742,艰,jiān,艰难,jiān nán,艰苦,jiān kǔ,
1743,纠,jiū,纠纷,jiū fēn,纠正,jiū zhèng,
1744,昆,kūn,昆虫,kūn chóng,昆布,kūn bù,
1745,熊,xióng,熊猫,xióng māo,小熊,xiǎo xióng,
1746,谎,huǎng,谎言,huǎng yán,撒谎,sā huǎng,
1747,吁,xū / yù,呼吁,hū yù,吁请,yù qǐng,
1748,赴,fù,赶赴,gǎn fù,奔赴,bēn fù,
1749,爽,shuǎng,不爽,bù shuǎng,清爽,qīng shuǎng,
1750,薪,xīn,薪水,xīn shuǐ,月薪,yuè xīn,
1751,亏,kuī,亏损,kuī sǔn,幸亏,xìng kuī,
1752,抚,fǔ,安抚,ān fǔ,抚养,fǔ yǎng,
1753,添,tiān,添加,tiān jiā,增添,zēng tiān,
1754,削,xuē / xiāo,剥削,bō xuē,削弱,xuē ruò,
1755,浮,fú,浮现,fú xiàn,浮动,fú dòng,
1756,氛,fēn,气氛,qì fēn,氛围,fēn wéi,
1757,寸,cùn,尺寸,chǐ cùn,英寸,yīng cùn,
1758,聪,cōng,聪明,cōng míng,聪慧,cōng huì,
1759,玻,bō,玻色子,bō shái zǐ,玻璃,bō lí,
1760,挡,dǎng / dàng,阻挡,zú dǎng,挡住,dǎng zhù,
1761,粹,cuì,纯粹,chún cuì,纳粹,nà cuì,
1762,殿,diàn,宫殿,gōng diàn,圣殿,shèng diàn,
1763,吐,tǔ / tù,吐露,tǔ lù,吐口,tú kǒu,
1764,柔,róu,温柔,wēn róu,柔软,róu ruǎn,
1765,怜,lián,可怜,kě lián,怜惜,lián xī,
1766,蠢,chǔn,蠢货,chǔn huò,蠢事,chǔn shì,
1767,梯,tī,电梯,diàn tī,楼梯,lóu tī,
1768,庙,miào,寺庙,sì miào,神庙,shén miào,
1769,躲,duǒ,躲避,duǒ bì,躲开,duǒ kāi,
1770,佩,pèi,佩服,pèi fú,佩戴,pèi dài,
1771,疼,téng,疼痛,téng tòng,头疼,tóu téng,
1772,拓,tuò / tà,拓展,tuò zhǎn,开拓,kāi tuò,
1773,沃,wò,肥沃,féi wò,沃克,wò kè,
1774,渔,yú,渔业,yú yè,渔民,yú mín,
1775,井,jǐng,矿井,kuàng jǐng,水井,shuǐ jǐng,
1776,慈,cí,慈善,cí shàn,慈悲,cí bēi,
1777,抛,pāo,抛弃,pāo qì,抛开,pāo kāi,
1778,磁,cí,磁场,cí chǎng,磁带,cí dài,
1779,苗,miáo,疫苗,yì miáo,苗条,miáo tiáo,
1780,狼,láng,色狼,sè láng,狼人,láng rén,
1781,艇,tǐng,潜艇,qián tǐng,舰艇,jiàn tǐng,
1782,盐,yán,食盐,shí yán,海盐,hǎi yán,
1783,掩,yǎn,掩盖,yǎn gài,掩饰,yǎn shì,
1784,泄,xiè,泄露,xiè lòu,泄漏,xiè lòu,
1785,雕,diāo,雕像,diāo xiàng,雕塑,diāo sù,
1786,耀,yào,荣耀,róng yào,闪耀,shǎn yào,
1787,慰,wèi,安慰,ān wèi,自慰,zì wèi,
1788,杭,háng,杭州市,háng zhōu shì,杭州湾,háng zhōu wān,
1789,钻,zuān / zuàn,钻石,zuàn shí,钻研,zuān yán,
1790,倡,chàng,提倡,tí chàng,倡导,chàng dǎo,
1791,炎,yán,炎热,yán rè,发炎,fā yán,
1792,缅,miǎn,缅怀,miǎn huái,缅甸,miǎn diān,
1793,祭,jì / zhài,祭司,jì sī,祭坛,jì tán,
1794,徽,huī,徽章,huī zhāng,国徽,guó huī,
1795,婴,yīng,婴儿,yīng ér,女婴,nǚ yīng,
1796,傲,ào,傲慢,ào màn,高傲,gāo ào,
1797,赤,chì,赤道,chì dào,赤字,chì zì,
1798,滩,tān,海滩,hǎi tān,沙滩,shā tān,
1799,晶,jīng,水晶,shuǐ jīng,结晶,jié jīng,
1800,菌,jūn / jùn,细菌,xì jūn,真菌,zhēn jūn,
1801,斤,jīn,公斤,gōng jīn,一斤,yī jīn,
1802,姿,zī,姿势,zī shì,姿态,zī tài,
1803,铺,pù / pū,店铺,diàn pù,铺设,pū shè,
1804,厨,chú,厨房,chú fáng,厨师,chú shī,
1805,涵,hán,内涵,nèi hán,涵盖,hán gài,
1806,糊,hú / hū / hù,模糊,mó hú,含糊,hán hú,
1807,霸,bà,霸权,bà quán,争霸,zhēng bà,
1808,恒,héng,永恒,yǒng héng,恒星,héng xīng,
1809,宙,zhòu,宇宙,yǔ zhòu,宇宙观,yǔ zhòu guān,
1810,瞧,qiáo,瞧瞧,qiáo qiáo,瞧不起,qiáo bù qǐ,
1811,奈,nài,无奈,wú nài,奈特,nài tè,
1812,嫁,jià,嫁给,jià gěi,出嫁,chū jià,
1813,漠,mò,沙漠,shā mò,冷漠,lěng mò,
1814,抑,yì,抑制,yì zhì,压抑,yā yì,
1815,埋,mái / mán,掩埋,yǎn mái,活埋,huó mái,
1816,凤,fèng,楼凤,lóu fèng,龙凤,lóng fèng,
1817,葬,zàng,葬礼,zàng lǐ,埋葬,mái zàng,
1818,涂,tú,糊涂,hú tú,涂料,tú liào,
1819,踏,tà / tā,踏上,tà shàng,践踏,jiàn tà,
1820,伐,fá,步伐,bù fá,讨伐,tǎo fá,
1821,峡,xiá,海峡,hǎi xiá,峡谷,xiá gǔ,
1822,贩,fàn,贩卖,fàn mài,贩毒,fàn dú,
1823,谐,xié,和谐,hé xié,谐音,xié yīn,
1824,呆,dāi,呆子,dāi zi,惊呆,jīng dāi,
1825,押,yā,关押,guān yā,抵押,dǐ yā,
1826,携,xié,携带,xié dài,携手,xié shǒu,
1827,衰,shuāi / cuī,衰退,shuāi tuì,衰落,shuāi luò,
1828,擦,cā,摩擦,mó cā,擦亮,cā liàng,
1829,怨,yuàn,抱怨,bào yuàn,埋怨,mán yuàn,
1830,凉,liáng / liàng,凉爽,liáng shuǎng,清凉,qīng liáng,
1831,甸,diàn,缅甸,miǎn diān,草甸,cǎo diān,
1832,舆,yú,舆论,yú lùn,舆情,yú qíng,
1833,锡,xī,锡矿,xī kuàng,锡纸,xī zhǐ,
1834,挤,jǐ,拥挤,yōng jǐ,排挤,pái jǐ,
1835,纲,gāng,纲领,gāng lǐng,大纲,dà gāng,
1836,狠,hěn,狠狠,hěn hěn,凶狠,xiōng hěn,
1837,拨,bō,拨款,bō kuǎn,拨打,bō dǎ,
1838,遣,qiǎn,派遣,pài qiǎn,遣返,qiǎn fǎn,
1839,蹈,dǎo,舞蹈,wǔ dǎo,重蹈,zhòng dǎo,
1840,桑,sāng,桑拿,sāng ná,桑巴,sāng bā,
1841,肌,jī,肌肉,jī ròu,肌肤,jī fū,
1842,憾,hàn,遗憾,yí hàn,缺憾,quē hàn,
1843,寓,yù,公寓,gōng yù,寓意,yù yì,
1844,醉,zuì,喝醉,hē zuì,麻醉,má zuì,
1845,愚,yú,愚蠢,yú chǔn,愚弄,yú nòng,
1846,函,hán,函数,hán shù,信函,xìn hán,
1847,淘,táo,淘气,táo qì,淘金,táo jīn,
1848,伏,fú,起伏,qǐ fú,潜伏,qián fú,
1849,徐,xú,徐徐,xú xú,徐行,xú xíng,
1850,铜,tóng,铜牌,tóng pái,青铜,qīng tóng,
1851,紫,zǐ,紫色,zǐ sè,紫外线,zǐ wài xiàn,
1852,瞭,liào,瞭解,liǎo jiě,瞭望,liào wàng,
1853,摧,cuī,摧毁,cuī huǐ,摧残,cuī cán,
1854,棋,qí,棋牌,qí pái,围棋,wéi qí,
1855,鼠,shǔ,老鼠,lǎo shǔ,鼠标,shǔ biāo,
1856,璃,lí,玻璃,bō lí,玻璃杯,bō lí bēi,
1857,妥,tuǒ,妥协,tuǒ xié,妥善,tuǒ shàn,
1858,滋,zī,滋味,zī wèi,艾滋病,ài zī bìng,
1859,夸,kuā,夸张,kuā zhāng,夸大,kuā dà,
1860,悬,xuán,悬挂,xuán guà,悬殊,xuán shū,
1861,陵,líng,陵墓,líng mù,陵园,líng yuán,
1862,寨,zhài,山寨,shān zhài,大寨,dà zhài,
1863,爵,jué,爵士,jué shì,伯爵,bó jué,
1864,罕,hǎn,罕见,hǎn jiàn,罕有,hán yǒu,
1865,祈,qí,祈求,qí qiú,祈福,qí fú,
1866,竹,zhú,竹子,zhú zi,竹林,zhú lín,
1867,拘,jū,拘留,jū liú,拘捕,jū bǔ,
1868,耻,chǐ,耻辱,chǐ rǔ,无耻,wú chǐ,
1869,寒,hán,寒冷,hán lěng,寒冬,hán dōng,
1870,劣,liè,恶劣,è liè,劣势,liè shì,
1871,柱,zhù,支柱,zhī zhù,柱子,zhù zi,
1872,逆,nì,逆转,nì zhuǎn,叛逆,pàn nì,
1873,贼,zéi,盗贼,dào zéi,海贼,hǎi zéi,
1874,畅,chàng,畅销,chàng xiāo,流畅,liú chàng,
1875,挣,zhēng / zhèng,挣扎,zhēng zhá,挣钱,zhèng qián,
1876,裸,luǒ,裸体,luó tǐ,裸露,luǒ lù,
1877,柏,bǎi / bó / bò,柏林,bó lín,柏油,bǎi yóu,
1878,凝,níng,凝聚,níng jù,混凝土,hùn níng tǔ,
1879,扭,niǔ,扭曲,niǔ qū,扭转,niú zhuǎn,
1880,契,qì,契约,qì yuē,契机,qì jī,
1881,妖,yāo,妖精,yāo jīng,妖怪,yāo guài,
1882,坑,kēng,坑洞,kēng dòng,坑人,kēng rén,
1883,杉,shān,云杉,yún shān,水杉,shuǐ shān,
1884,爬,pá,爬行,pá xíng,爬山,pá shān,
1885,剪,jiǎn,剪辑,jiǎn jí,剪刀,jiǎn dāo,
1886,浦,pǔ,帮浦,bāng pǔ,泵浦,bèng pǔ,
1887,胖,pàng / pán,胖子,pàng zi,肥胖,féi pàng,
1888,狮,shī,狮子,shī zi,雄狮,xióng shī,
1889,唤,huàn,召唤,zhào huàn,呼唤,hū huàn,
1890,掘,jué,发掘,fā jué,挖掘,wā jué,
1891,辉,huī,光辉,guāng huī,辉石,huī shí,
1892,兑,duì,兑换,duì huàn,兑现,duì xiàn,
1893,谊,yì,友谊,yǒu yì,联谊,lián yì,
1894,贺,hè,祝贺,zhù hè,庆贺,qìng hè,
1895,羞,xiū,羞辱,xiū rǔ,害羞,hài xiū,
1896,蛇,shé / yí,毒蛇,dú shé,眼镜蛇,yǎn jìng shé,
1897,炉,lú,出炉,chū lú,火炉,huǒ lú,
1898,疏,shū,疏散,shū sàn,疏忽,shū hū,
1899,崩,bēng,崩坏,bēng huài,崩盘,bēng pán,
1900,岭,lǐng / líng,山岭,shān lǐng,分水岭,fēn shuí lǐng,
1901,匹,pǐ,匹配,pǐ pèi,一匹,yì pǐ,
1902,芬,fēn,芬兰,fēn lán,芬尼,fēn ní,
1903,庞,páng,庞大,páng dà,脸庞,liǎn páng,
1904,宏,hóng,宏观,hóng guān,宏伟,hóng wěi,
1905,锅,guō,锅炉,guō lú,火锅,huǒ guō,
1906,披,pī,披露,pī lù,披萨,pī sà,
1907,赠,zèng,捐赠,juān zèng,赠送,zèng sòng,
1908,杆,gān / gǎn,栏杆,lán gān,杆菌,gǎn jūn,
1909,蛮,mán,野蛮,yě mán,蛮横,mán hèng,
1910,祷,dǎo,祈祷,qí dǎo,祷告,dǎo gào,
1911,讼,sòng,诉讼,sù sòng,诉讼法,sù sòng fǎ,
1912,悔,huǐ,后悔,hòu huǐ,悔恨,huǐ hèn,
1913,硕,shuò,硕士,shuò shì,丰硕,fēng shuò,
1914,欠,qiàn,欠缺,qiàn quē,拖欠,tuō qiàn,
1915,虐,nüè,虐待,nüè dài,暴虐,bào nüè,
1916,浅,qiǎn / jiān,肤浅,fū qiǎn,浅薄,qiǎn bó,
1917,艘,sōu,一艘,yī sōu,两艘,liǎng sōu,
1918,蜜,mì,甜蜜,tián mì,蜜月,mì yuè,
1919,幽,yōu,幽默,yōu mò,幽灵,yōu líng,
1920,逝,shì,逝世,shì shì,逝去,shì qù,
1921,串,chuàn,一连串,yī lián chuàn,一串,yī chuàn,
1922,夹,jiā / gā / jiá,夹击,jiā jī,夹克,jiá kè,
1923,祸,huò,车祸,chē huò,祸害,huò hài,
1924,齿,chǐ,牙齿,yá chǐ,齿轮,chǐ lún,
1925,壳,ké / qiào,外壳,wài ké,贝壳,bèi ké,
1926,沈,shěn,沈阳市,shěn yáng shì,沈从文,shěn cóng wén,
1927,秦,qín,秦艽,qín jiāo,,,
1928,棉,mián,棉花,mián huā,石棉,shí mián,
1929,膜,mó,面膜,miàn mó,薄膜,báo mó,
1930,拯,zhěng,拯救,zhěng jiù,,,
1931,滴,dī,一滴,yī dī,点滴,diǎn dī,
1932,辨,biàn,分辨,fēn biàn,辨别,biàn bié,
1933,泊,pō / bó,湖泊,hú pō,尼泊尔,ní pō ěr,
1934,撰,zhuàn,撰写,zhuàn xiě,撰文,zhuàn wén,
1935,冻,dòng,冻结,dòng jié,冷冻,lěng dòng,
1936,屿,yǔ,岛屿,dǎo yǔ,,,
1937,弥,mí,弥补,mí bǔ,弥漫,mí màn,
1938,摘,zhāi,摘要,zhāi yào,摘自,zhāi zì,
1939,吵,chǎo,吵架,chǎo jià,争吵,zhēng chǎo,
1940,碑,bēi,纪念碑,jì niàn bēi,墓碑,mù bēi,
1941,枚,méi,一枚,yī méi,两枚,liǎng méi,
1942,蒋,jiǎng,蒋介石,jiǎng jiè shí,,,
1943,侣,lǚ,情侣,qíng lǚ,伴侣,bàn lǚ,
1944,尘,chén,灰尘,huī chén,尘埃,chén āi,
1945,阔,kuò,广阔,guǎng kuò,开阔,kāi kuò,
1946,浴,yù,浴室,yù shì,浴池,yù chí,
1947,陶,táo,陶器,táo qì,陶醉,táo zuì,
1948,滥,làn,滥用,làn yòng,泛滥,fàn làn,
1949,侠,xiá,武侠,wǔ xiá,大侠,dà xiá,
1950,雾,wù,烟雾,yān wù,迷雾,mí wù,
1951,鼻,bí,鼻子,bí zi,鼻孔,bí kǒng,
1952,宠,chǒng,宠物,chǒng wù,宠爱,chǒng ài,
1953,朵,duǒ,耳朵,ěr duǒ,花朵,huā duǒ,
1954,慎,shèn,慎重,shèn zhòng,审慎,shěn shèn,
1955,眠,mián,睡眠,shuì mián,失眠,shī mián,
1956,昂,áng,昂贵,áng guì,高昂,gāo áng,
1957,肩,jiān,肩上,jiān shàng,肩负,jiān fù,
1958,粒,lì,粒子,lì zi,颗粒,kē lì,
1959,灌,guàn,灌输,guàn shū,灌木,guàn mù,
1960,秩,zhì,秩序,zhì xù,,,
1961,稀,xī,稀有,xī yǒu,稀少,xī shǎo,
1962,丛,cóng,丛林,cóng lín,丛书,cóng shū,
1963,谨,jǐn,谨慎,jǐn shèn,严谨,yán jǐn,
1964,诈,zhà,诈骗,zhà piàn,欺诈,qī zhà,
1965,溃,kuì / huì,崩溃,bēng kuì,击溃,jī kuì,
1966,瑟,sè,瑟夫,sè fū,瑟瑟,sè sè,
1967,劝,quàn,劝说,quàn shuō,劝告,quàn gào,
1968,渴,kě,渴望,kě wàng,渴求,kě qiú,
1969,纺,fǎng,纺织,fǎng zhī,纺织品,fǎng zhī pǐn,
1970,淫,yín,卖淫,mài yín,淫荡,yín dàng,
1971,帽,mào,帽子,mào zi,草帽,cǎo mào,
1972,踢,tī,踢球,tī qiú,踢腿,tī tuǐ,
1973,饼,bǐng,饼干,bǐng gān,月饼,yuè bǐng,
1974,盈,yíng,盈利,yíng lì,盈余,yíng yú,
1975,盲,máng,盲目,máng mù,文盲,wén máng,
1976,辣,là,辣妹,là mèi,麻辣,má là,
1977,骄,jiāo,骄傲,jiāo ào,骄阳,jiāo yáng,
1978,逾,yú,逾期,yú qī,逾越,yú yuè,
1979,颇,pō,颇具,pǒ jù,颇为,pǒ wèi,
1980,窝,wō,被窝,bèi wō,窝藏,wō cáng,
1981,腰,yāo,腰带,yāo dài,撑腰,chēng yāo,
1982,匈,xiōng,匈牙利,xiōng yá lì,,,
1983,脆,cuì,脆弱,cuì ruò,干脆,gān cuì,
1984,狐,hú,搜狐,sōu hú,火狐,huǒ hú,
1985,肚,dù / dǔ,肚子,dǔ zi,肚皮,dù pí,
1986,涌,yǒng / chōng,涌现,yǒng xiàn,涌入,yǒng rù,
1987,盒,hé,盒子,hé zi,一盒,yī hé,
1988,腹,fù,腹部,fù bù,腹地,fù dì,
1989,扯,chě,牵扯,qiān chě,胡扯,hú chě,
1990,愉,yú,愉快,yú kuài,欢愉,huān yú,
1991,戈,gē,戈登,gē dēng,探戈,tàn gē,
1992,躺,tǎng,横躺,héng tǎng,躺倒,táng dǎo,
1993,吞,tūn,吞并,tūn bìng,侵吞,qīn tūn,
1994,罩,zhào,口罩,kǒu zhào,胸罩,xiōng zhào,
1995,慕,mù,爱慕,ài mù,仰慕,yǎng mù,
1996,堪,kān,不堪,bù kān,难堪,nán kān,
1997,郁,yù,忧郁,yōu yù,抑郁,yì yù,
1998,擅,shàn,擅长,shàn cháng,擅自,shàn zì,
1999,扑,pū,扑克,pū kè,扑灭,pū miè,
2000,烤,kǎo,烧烤,shāo kǎo,烤肉,kǎo ròu,
2001,饱,bǎo,温饱,wēn bǎo,饱受,bǎo shòu,
2002,柴,chái,柴油机,chái yóu jī,柴油,chái yóu,
2003,臭,chòu / xiù,恶臭,è chòu,臭味,chòu wèi,
2004,咬,yǎo,咬伤,yǎo shāng,咬牙,yǎo yá,
2005,窃,qiè,盗窃,dào qiè,窃取,qiè qǔ,
2006,吊,diào,吊销,diào xiāo,上吊,shàng diào,
2007,屈,qū,屈服,qū fú,委屈,wěi qū,
2008,斥,chì,排斥,pái chì,充斥,chōng chì,
2009,郊,jiāo,郊区,jiāo qū,郊外,jiāo wài,
2010,碳,tàn,碳酸,tàn suān,碳化,tàn huà,
2011,誓,shì,宣誓,xuān shì,发誓,fā shì,
2012,募,mù,招募,zhāo mù,募集,mù jí,
2013,叹,tàn,感叹,gǎn tàn,叹息,tàn xī,
2014,孟,mèng,孟浪,mèng làng,孟婆汤,mèng pó tāng,
2015,壤,rǎng,土壤,tǔ rǎng,接壤,jiē rǎng,
2016,匿,nì,匿名,nì míng,隐匿,yǐn nì,
2017,妆,zhuāng,化妆,huà zhuāng,化妆品,huà zhuāng pǐn,
2018,卓,zhuó,卓越,zhuó yuè,卓著,zhuó zhù,
2019,勃,bó,勃起,bó qǐ,勃勃,bó bó,
2020,郭,guō,城郭,chéng guō,郭城,guō chéng,
2021,喂,wèi,喂养,wèi yǎng,喂食,wèi shí,
2022,渠,qú / jù,渠道,qú dào,沟渠,gōu qú,
2023,框,kuàng,框架,kuāng jià,边框,biān kuāng,
2024,勾,gōu / gòu,勾结,gōu jié,勾引,gōu yǐn,
2025,畜,chù / xù,牲畜,shēng chù,畜生,chù sheng,
2026,谴,qiǎn,谴责,qiǎn zé,,,
2027,莲,lián,莲花,lián huā,红莲,hóng lián,
2028,讽,fěng,讽刺,fěng cì,反讽,fǎn fěng,
2029,恭,gōng,恭喜,gōng xǐ,恭敬,gōng jìng,
2030,阐,chǎn,阐述,chǎn shù,阐明,chǎn míng,
2031,呵,hē / ā,呵呵,hē hē,呵护,hē hù,
2032,夕,xī,前夕,qián xī,夕阳,xī yáng,
2033,芝,zhī,芝加哥,zhī jiā gē,芝麻,zhī má,
2034,穴,xué,洞穴,dòng xué,墓穴,mù xué,
2035,胀,zhàng,通胀,tōng zhàng,通胀率,tōng zhàng lǜ,
2036,痕,hén,痕迹,hén jì,伤痕,shāng hén,
2037,舌,shé,舌头,shé tou,口舌,kǒu shé,
2038,捉,zhuō,捕捉,bǔ zhuō,活捉,huó zhuō,
2039,辟,pì / bì,开辟,kāi pì,复辟,fù bì,
2040,柜,guì / jǔ,柜台,guì tái,衣柜,yī guì,
2041,祥,xiáng,吉祥,jí xiáng,不祥,bù xiáng,
2042,轴,zhóu / zhòu,轴承,zhóu chéng,主轴,zhǔ zhóu,
2043,瞬,shùn,瞬间,shùn jiān,一瞬间,yī shùn jiān,
2044,悟,wù,觉悟,jué wù,领悟,lǐng wù,
2045,哀,āi,悲哀,bēi āi,哀伤,āi shāng,
2046,锐,ruì,尖锐,jiān ruì,敏锐,mǐn ruì,
2047,丘,qiū,丘陵,qiū líng,山丘,shān qiū,
2048,敲,qiāo,敲门,qiāo mén,敲诈,qiāo zhà,
2049,佣,yōng / yòng,雇佣,gù yōng,女佣,nǚ yōng,
2050,旺,wàng,旺盛,wàng shèng,兴旺,xīng wàng,
2051,贾,jiǎ / gǔ,商贾,shāng gǔ,,,
2052,亩,mǔ,万亩,wàn mǔ,英亩,yīng mǔ,
2053,弯,wān,弯曲,wān qū,转弯,zhuǎn wān,
2054,缴,jiǎo,缴纳,jiǎo nà,缴费,jiǎo fèi,
2055,恼,nǎo,烦恼,fán nǎo,苦恼,kǔ nǎo,
2056,晒,shài,防晒,fáng shài,晒太阳,shài tài yáng,
2057,辐,fú,辐射,fú shè,核辐射,hé fú shè,
2058,驳,bó,反驳,fǎn bó,驳回,bó huí,
2059,坠,zhuì,坠毁,zhuì huǐ,坠落,zhuì luò,
2060,肿,zhǒng,肿胀,zhǒng zhàng,水肿,shuǐ zhǒng,
2061,抬,tái,抬头,tái tóu,抬起,tái qǐ,
2062,谣,yáo,谣言,yáo yán,民谣,mín yáo,
2063,笼,lóng / lǒng,灯笼,dēng lóng,笼罩,lǒng zhào,
2064,催,cuī,催眠,cuī mián,催化,cuī huà,
2065,侨,qiáo,华侨,huá qiáo,侨民,qiáo mín,
2066,忌,jì,禁忌,jìn jì,顾忌,gù jì,
2067,脂,zhī,油脂,yóu zhī,树脂,shù zhī,
2068,耕,gēng,耕地,gēng dì,耕作,gēng zuò,
2069,廊,láng,走廊,zǒu láng,画廊,huà láng,
2070,曹,cáo,曹操,cáo cāo,阴曹,yīn cáo,
2071,姨,yí,阿姨,ā yí,姨妈,yí mā,
2072,砍,kǎn,砍掉,kǎn diào,砍伐,kǎn fá,
2073,椅,yǐ,椅子,yǐ zi,轮椅,lún yǐ,
2074,悦,yuè,喜悦,xǐ yuè,愉悦,yú yuè,
2075,炒,chǎo,炒作,chǎo zuò,炒股,chǎo gǔ,
2076,肠,cháng,肠道,cháng dào,香肠,xiāng cháng,
2077,悠,yōu,悠久,yōu jiǔ,悠闲,yōu xián,
2078,斑,bān,斑点,bān diǎn,斑马,bān mǎ,
2079,嫩,nèn,白嫩,bái nèn,细嫩,xì nèn,
2080,溪,xī,溪流,xī liú,小溪,xiǎo xī,
2081,痴,chī,白痴,bái chī,痴迷,chī mí,
2082,谅,liàng,原谅,yuán liàng,谅解,liàng jiě,
2083,涯,yá,生涯,shēng yá,天涯,tiān yá,
2084,砸,zá,搞砸,gǎo zá,砸烂,zá làn,
2085,羽,yǔ,羽毛,yǔ máo,羽毛球,yǔ máo qiú,
2086,寂,jì,寂静,jì jìng,沉寂,chén jì,
2087,纤,xiān / qiàn,纤维,xiān wéi,光纤,guāng xiān,
2088,惹,rě,惹恼,rě nǎo,惹怒,rě nù,
2089,鹰,yīng,老鹰,lǎo yīng,猎鹰,liè yīng,
2090,拦,lán,拦截,lán jié,拦住,lán zhù,
2091,陌,mò,陌生,mò shēng,陌生人,mò shēng rén,
2092,冈,gāng,山冈,shān gāng,,,
2093,垄,lǒng,垄断,lǒng duàn,反垄断,fǎn lǒng duàn,
2094,趁,chèn,趁机,chèn jī,趁着,chèn zhe,
2095,臂,bì,手臂,shǒu bì,双臂,shuāng bì,
2096,缝,fèng / féng,裂缝,liè fèng,裁缝,cái féng,
2097,坊,fāng / fáng,街坊,jiē fāng,作坊,zuō fang,
2098,碗,wǎn,一碗,yī wǎn,饭碗,fàn wǎn,
2099,履,lǚ,履行,lǚ xíng,履历,lǚ lì,
2100,扔,rēng,扔掉,rēng diào,扔下,rēng xià,
2101,闯,chuǎng,闯入,chuǎng rù,闯进,chuǎng jìn,
2102,肺,fèi,肺炎,fèi yán,肺癌,fèi ái,
2103,摔,shuāi,摔倒,shuāi dǎo,摔角,shuāi jiǎo,
2104,囚,qiú,囚犯,qiú fàn,囚禁,qiú jìn,
2105,辜,gū,无辜,wú gū,辜负,gū fù,
2106,妨,fáng,妨碍,fáng ài,不妨,bù fáng,
2107,哎,āi,哎呀,āi yā,哎哟,āi yō,
2108,悄,qiāo / qiǎo,悄悄,qiāo qiāo,悄然,qiǎo rán,
2109,乙,yǐ,乙方,yǐ fāng,乙酸,yǐ suān,
2110,叉,chā / chá / chǎ,交叉,jiāo chā,分叉,fēn chà,
2111,斜,xié,倾斜,qīng xié,斜坡,xié pō,
2112,咪,mī,妈咪,mā mī,猫咪,māo mī,
2113,拾,shí / shè,收拾,shōu shí,重拾,zhòng shí,
2114,矩,jǔ,规矩,guī jǔ,矩阵,jǔ zhèn,
2115,垂,chuí,垂直,chuí zhí,下垂,xià chuí,
2116,妓,jì,妓女,jì nǚ,妓院,jì yuàn,
2117,胃,wèi,胃口,wèi kǒu,肠胃,cháng wèi,
2118,煮,zhǔ,煮饭,zhǔ fàn,煮熟,zhǔ shú,
2119,卑,bēi,自卑,zì bēi,卑劣,bēi liè,
2120,饥,jī,饥饿,jī è,饥荒,jī huāng,
2121,擎,qíng,引擎,yǐn qíng,引擎盖,yǐn qíng gài,
2122,宴,yàn,宴会,yàn huì,晚宴,wǎn yàn,
2123,卧,wò,卧室,wò shì,卧底,wò dǐ,
2124,岳,yuè,岳父,yuè fù,岳母,yuè mǔ,
2125,堵,dǔ,堵塞,dǔ sè,堵住,dǔ zhù,
2126,抹,mǒ / mā / mò,抹黑,mǒ hēi,涂抹,tú mǒ,
2127,枝,zhī,树枝,shù zhī,枪枝,qiāng zhī,
2128,爹,diē,老爹,lǎo diē,干爹,gān diē,
2129,贿,huì,受贿,shòu huì,行贿,xíng huì,
2130,绳,shéng,绳子,shéng zi,绳索,shéng suǒ,
2131,裕,yù,富裕,fù yù,充裕,chōng yù,
2132,酬,chóu,报酬,bào chóu,薪酬,xīn chóu,
2133,跪,guì,跪下,guì xià,下跪,xià guì,
2134,昏,hūn,昏迷,hūn mí,黄昏,huáng hūn,
2135,蓄,xù,储蓄,chǔ xù,蓄意,xù yì,
2136,艳,yàn,惊艳,jīng yàn,鲜艳,xiān yàn,
2137,慌,huāng,恐慌,kǒng huāng,惊慌,jīng huāng,
2138,兔,tù,兔子,tù zi,野兔,yě tù,
2139,龟,guī / jūn / qiū,乌龟,wū guī,海龟,hǎi guī,
2140,铃,líng,铃声,líng shēng,门铃,mén líng,
2141,裙,qún,裙子,qún zi,短裙,duǎn qún,
2142,疲,pí,疲劳,pí láo,疲软,pí ruǎn,
2143,衷,zhōng,热衷,rè zhōng,初衷,chū zhōng,
2144,帜,zhì,旗帜,qí zhì,标帜,biāo zhì,
2145,桶,tǒng,马桶,mǎ tǒng,垃圾桶,lā jī tǒng,
2146,衔,xián,头衔,tóu xián,衔接,xián jiē,
2147,傅,fù,师傅,shī fù,,,
2148,沦,lún,沦为,lún wèi,沦陷,lún xiàn,
2149,鸣,míng,共鸣,gòng míng,雷鸣,léi míng,
2150,琳,lín,琳娜,lín nà,玛德琳,mǎ dé lín,
2151,晕,yūn / yùn,头晕,tóu yūn,晕倒,yūn dǎo,
2152,鸭,yā,鸭子,yā zi,烤鸭,kǎo yā,
2153,蒸,zhēng,蒸汽,zhēng qì,蒸发,zhēng fā,
2154,赐,cì,赐予,cì yǔ,恩赐,ēn cì,
2155,闷,mèn / mēn,郁闷,yù mèn,纳闷,nà mèn,
2156,鹿,lù,鹿角,lù jiǎo,雄鹿,xióng lù,
2157,溶,róng,溶液,róng yè,溶解,róng jiě,
2158,懒,lǎn,懒得,lǎn de,懒散,lán sǎn,
2159,歇,xiē,停歇,tíng xiē,间歇,jiàn xiē,
2160,蜂,fēng,蜂蜜,fēng mì,蜜蜂,mì fēng,
2161,笨,bèn,笨蛋,bèn dàn,笨重,bèn zhòng,
2162,扇,shàn / shān,风扇,fēng shàn,一扇,yī shàn,
2163,厘,lí,厘米,lí mǐ,公厘,gōng lí,
2164,舔,tiǎn,舔阴,tiǎn yīn,,,
2165,媳,xí,媳妇,xí fù,儿媳,ér xí,
2166,萝,luó,萝莉,luó lì,萝莉控,luó lì kòng,
2167,乖,guāi,乖乖,guāi guāi,乖巧,guāi qiǎo,
2168,僵,jiāng,僵尸,jiāng shī,僵局,jiāng jú,
2169,晰,xī,清晰,qīng xī,明晰,míng xī,
2170,瞒,mán,隐瞒,yǐn mán,欺瞒,qī mán,
2171,仆,pū / pú,仆人,pú rén,女仆,nǚ pú,
2172,缠,chán,纠缠,jiū chán,缠身,chán shēn,
2173,狭,xiá,狭小,xiá xiǎo,狭义,xiá yì,
2174,汰,tài,淘汰,táo tài,淘汰赛,táo tài sài,
2175,豫,yù,犹豫,yóu yù,,,
2176,囊,náng / nāng,胶囊,jiāo náng,囊括,náng kuò,
2177,嘲,cháo / zhāo,嘲笑,cháo xiào,嘲讽,cháo fěng,
2178,饲,sì,饲养,sì yǎng,饲料,sì liào,
2179,颠,diān,颠覆,diān fù,颠倒,diān dǎo,
2180,苍,cāng,苍白,cāng bái,苍老,cāng lǎo,
2181,戚,qī,亲戚,qīn qī,外戚,wài qī,
2182,渗,shèn,渗透,shèn tòu,渗入,shèn rù,
2183,伞,sǎn,雨伞,yú sǎn,跳伞,tiào sǎn,
2184,砖,zhuān,砖头,zhuān tóu,金砖,jīn zhuān,
2185,蔬,shū,蔬菜,shū cài,蔬果,shū guǒ,
2186,旬,xún,中旬,zhōng xún,下旬,xià xún,
2187,卜,bǔ,萝卜,luó bo,胡萝卜,hú luó bo,
2188,弊,bì,作弊,zuò bì,舞弊,wǔ bì,
2189,讶,yà,惊讶,jīng yà,讶异,yà yì,
2190,瑰,guī,瑰宝,guī bǎo,瑰丽,guī lì,
2191,肝,gān,肝脏,gān zàng,肝炎,gān yán,
2192,瘦,shòu,瘦身,shòu shēn,瘦肉精,shòu ròu jīng,
2193,膨,péng,膨胀,péng zhàng,膨大,péng dà,
2194,犬,quǎn,警犬,jǐng quǎn,猎犬,liè quǎn,
2195,葛,gé / gě,纠葛,jiū gé,瓜葛,guā gé,
2196,桂,guì,桂花,guì huā,桂冠,guì guān,
2197,挪,nuó,挪威,nuó wēi,挪用,nuó yòng,
2198,谍,dié,间谍,jiàn dié,谍报,dié bào,
2199,颈,jǐng / gěng,瓶颈,píng jǐng,颈部,jǐng bù,
2200,酱,jiàng,酱油,jiàng yóu,果酱,guǒ jiàng,
2201,巩,gǒng,巩固,gǒng gù,巩膜,gǒng mó,
2202,骤,zhòu,步骤,bù zhòu,骤然,zhòu rán,
2203,腔,qiāng,口腔,kǒu qiāng,腔调,qiāng diào,
2204,瞎,xiā,瞎子,xiā zi,瞎说,xiā shuō,
2205,栋,dòng,一栋,yī dòng,这栋,zhè dòng,
2206,抄,chāo,抄袭,chāo xí,抄家,chāo jiā,
2207,巾,jīn,毛巾,máo jīn,头巾,tóu jīn,
2208,袜,wà,丝袜,sī wà,袜子,wà zi,
2209,僚,liáo,官僚,guān liáo,幕僚,mù liáo,
2210,掠,lüè,掠夺,lüè duó,掠过,lüè guò,
2211,炭,tàn,煤炭,méi tàn,木炭,mù tàn,
2212,薇,wēi,紫薇,zǐ wēi,,,
2213,遂,suì / suí,未遂,wèi suì,顺遂,shùn suì,
2214,玫,méi,玫瑰,méi guī,玫瑰花,méi guī huā,
2215,勋,xūn,勋章,xūn zhāng,功勋,gōng xūn,
2216,畏,wèi,畏惧,wèi jù,敬畏,jìng wèi,
2217,魏,wèi,阿魏,ā wèi,,,
2218,遮,zhē,遮住,zhē zhù,遮掩,zhē yǎn,
2219,凰,huáng,凤凰,fèng huáng,凤凰木,fèng huáng mù,
2220,滤,lǜ,过滤,guò lǜ,滤波,lǜ bō,
2221,朴,pǔ / piáo / pò,朴素,pǔ sù,朴实,pǔ shí,
2222,藤,téng,常春藤,cháng chūn téng,紫藤,zǐ téng,
2223,贱,jiàn,贱人,jiàn rén,贱货,jiàn huò,
2224,锻,duàn,锻炼,duàn liàn,锻造,duàn zào,
2225,钓,diào,钓鱼,diào yú,垂钓,chuí diào,
2226,肖,xiào / xiāo,肖像,xiào xiàng,生肖,shēng xiào,
2227,娶,qǔ,迎娶,yíng qǔ,娶妻,qǔ qī,
2228,俘,fú,战俘,zhàn fú,被俘,bèi fú,
2229,舱,cāng,机舱,jī cāng,驾驶舱,jià shǐ cāng,
2230,叠,dié,重叠,chóng dié,折叠,zhé dié,
2231,咒,zhòu,咒语,zhòu yǔ,咒骂,zhòu mà,
2232,柳,liǔ,柳树,liǔ shù,杨柳,yáng liǔ,
2233,嘿,hēi,嘿嘿,hēi hēi,,,
2234,柬,jiǎn,请柬,qǐng jiǎn,,,
2235,蕾,lěi,蕾丝,lěi sī,味蕾,wèi lěi,
2236,粤,yuè,粤语,yuè yǔ,,,
2237,燕,yàn / yān,燕子,yàn zi,海燕,hǎi yàn,
2238,淋,lín / lìn,淋浴,lín yù,淋巴,lín bā,
2239,斩,zhǎn,斩首,zhǎn shǒu,斩断,zhǎn duàn,
2240,缔,dì,取缔,qǔ dì,缔结,dì jié,
2241,匪,fěi,土匪,tǔ fěi,匪徒,fěi tú,
2242,兆,zhào,征兆,zhēng zhào,预兆,yù zhào,
2243,虾,xiā / há,龙虾,lóng xiā,虾子,xiā zi,
2244,澡,zǎo,洗澡,xí zǎo,澡堂,zǎo táng,
2245,鸦,yā,鸦片,yā piàn,涂鸦,tú yā,
2246,螺,luó,螺旋,luó xuán,螺丝,luó sī,
2247,膀,bǎng / pāng / páng,肩膀,jiān bǎng,膀子,bǎng zi,
2248,钩,gōu,挂钩,guà gōu,脱钩,tuō gōu,
2249,屡,lǚ,屡屡,lǚ lǚ,屡次,lǚ cì,
2250,宰,zǎi,主宰,zhǔ zǎi,宰相,zǎi xiàng,
2251,塌,tā,倒塌,dǎo tā,崩塌,bēng tā,
2252,卸,xiè,卸任,xiè rèn,卸载,xiè zài,
2253,侯,hóu / hòu,诸侯,zhū hóu,侯爵,hóu jué,
2254,猴,hóu,猴子,hóu zi,狐猴,hú hóu,
2255,瘤,liú,肿瘤,zhǒng liú,毒瘤,dú liú,
2256,彰,zhāng,表彰,biǎo zhāng,彰显,zhāng xiǎn,
2257,仗,zhàng,打仗,dǎ zhàng,胜仗,shèng zhàng,
2258,罐,guàn,罐头,guàn tou,罐子,guàn zi,
2259,虹,hóng,彩虹,cǎi hóng,虹桥,hóng qiáo,
2260,俺,ǎn,俺们,ǎn men,,,
2261,姊,zǐ,姊妹,zǐ mèi,姊姊,zǐ zǐ,
2262,垫,diàn,床垫,chuáng diàn,垫底,diàn dǐ,
2263,浩,hào,浩劫,hào jié,浩大,hào dà,
2264,堕,duò,堕落,duò luò,堕胎,duò tāi,
2265,侍,shì,侍郎,shì láng,服侍,fú shì,
2266,攀,pān,攀升,pān shēng,攀登,pān dēng,
2267,僧,sēng,僧人,sēng rén,僧侣,sēng lǚ,
2268,珊,shān,珊瑚,shān hú,珊瑚礁,shān hú jiāo,
2269,眉,méi,眉毛,méi máo,美眉,měi méi,
2270,巫,wū,巫师,wū shī,女巫,nǚ wū,
2271,滞,zhì,停滞,tíng zhì,滞留,zhì liú,
2272,鸿,hóng,鸿沟,hóng gōu,飞鸿,fēi hóng,
2273,钉,dīng / dìng,钉子,dīng zi,眼中钉,yǎn zhōng dīng,
2274,翁,wēng,富翁,fù wēng,老翁,lǎo wēng,
2275,垒,lěi,堡垒,báo lěi,壁垒,bì lěi,
2276,盼,pàn,盼望,pàn wàng,期盼,qī pàn,
2277,摊,tān,摊位,tān wèi,摊贩,tān fàn,
2278,脾,pí,脾气,pí qì,发脾气,fā pí qì,
2279,熙,xī,康熙,kāng xī,熙攘,xī rǎng,
2280,棍,gùn,棍子,gùn zi,光棍,guāng gùn,
2281,焚,fén,焚烧,fén shāo,自焚,zì fén,
2282,哼,hēng / hng,哼唱,hēng chàng,哼声,hēng shēng,
2283,粘,zhān / nián,粘土,nián tǔ,粘贴,zhān tiē,
2284,挫,cuò,挫折,cuò zhé,挫败,cuò bài,
2285,肆,sì,大肆,dà sì,肆虐,sì nüè,
2286,槽,cáo,跳槽,tiào cáo,吐槽,tǔ cáo,
2287,哟,yō / yo,哎哟,āi yō,啊哟,a yō,
2288,瓷,cí,陶瓷,táo cí,瓷器,cí qì,
2289,煌,huáng,辉煌,huī huáng,,,
2290,稻,dào,水稻,shuǐ dào,稻草,dào cǎo,
2291,凑,còu,紧凑,jǐn còu,凑合,còu hé,
2292,逢,féng,每逢,měi féng,重逢,chóng féng,
2293,蔽,bì,屏蔽,píng bì,隐蔽,yǐn bì,
2294,厢,xiāng,车厢,chē xiāng,包厢,bāo xiāng,
2295,庇,bì,庇护,bì hù,包庇,bāo bì,
2296,盆,pén,盆地,pén dì,花盆,huā pén,
2297,撕,sī,撕裂,sī liè,撕开,sī kāi,
2298,肾,shèn,肾脏,shèn zàng,肾结石,shèn jié shí,
2299,纱,shā,婚纱,hūn shā,面纱,miàn shā,
2300,孝,xiào,孝顺,xiào shùn,孝子,xiào zi,
2301,蚀,shí,侵蚀,qīn shí,腐蚀,fǔ shí,
2302,踩,cǎi,踩踏,cǎi tà,踩点,cái diǎn,
2303,驰,chí,奔驰,bēn chí,驰名,chí míng,
2304,唇,chún,嘴唇,zuǐ chún,阴唇,yīn chún,
2305,挽,wǎn,挽救,wǎn jiù,挽回,wǎn huí,
2306,涛,tāo,胡锦涛,hú jǐn tāo,波涛,bō tāo,
2307,谜,mí / mèi,谜团,mí tuán,谜语,mí yǔ,
2308,愧,kuì,羞愧,xiū kuì,不愧,bú kuì,
2309,寡,guǎ,寡妇,guǎ fù,寡头,guǎ tóu,
2310,绵,mián,海绵,hǎi mián,绵羊,mián yáng,
2311,飘,piāo,飘扬,piāo yáng,飘浮,piāo fú,
2312,瞄,miáo,瞄准,miáo zhǔn,瞄准具,miáo zhǔn jù,
2313,儒,rú,儒雅,rú yǎ,儒生,rú shēng,
2314,淮,huái,江淮,jiāng huái,淮山,huái shān,
2315,蜡,là,蜡笔,là bǐ,蜡像,là xiàng,
2316,咸,xián,咸菜,xián cài,咸鱼,xián yú,
2317,樱,yīng,樱花,yīng huā,樱桃,yīng táo,
2318,肢,zhī,肢体,zhī tǐ,四肢,sì zhī,
2319,鹅,é,企鹅,qǐ é,天鹅,tiān é,
2320,漆,qī,油漆,yóu qī,漆黑,qī hēi,
2321,谬,miù,荒谬,huāng miù,谬误,miù wù,
2322,坝,bà,大坝,dà bà,水坝,shuǐ bà,
2323,喻,yù,比喻,bǐ yù,隐喻,yǐn yù,
2324,卿,qīng,国务卿,guó wù qīng,公卿,gōng qīng,
2325,顷,qǐng,公顷,gōng qǐng,顷刻,qǐng kè,
2326,喇,lǎ / lā,哈喇,hā lǎ,喇舌,lǎ shé,
2327,吕,lǚ,律吕,lǜ lǚ,,,
2328,贤,xián,贤者,xián zhě,圣贤,shèng xián,
2329,芒,máng,光芒,guāng máng,芒果,máng guǒ,
2330,汁,zhī,果汁,guǒ zhī,多汁,duō zhī,
2331,竭,jié,竭力,jié lì,衰竭,shuāi jié,
2332,贬,biǎn,贬值,biǎn zhí,贬低,biǎn dī,
2333,芯,xīn / xìn,芯片,xīn piàn,滤芯,lǜ xīn,
2334,寞,mò,寂寞,jì mò,落寞,luò mò,
2335,庸,yōng,平庸,píng yōng,庸俗,yōng sú,
2336,彭,péng,彭德怀,péng dé huái,彭博,péng bó,
2337,坞,wù,好莱坞,hǎo lái wù,船坞,chuán wù,
2338,帖,tiē / tiě / tiè,帖子,tiě zi,发帖,fā tiē,
2339,衍,yǎn,衍生,yǎn shēng,繁衍,fán yǎn,
2340,啤,pí,啤酒,pí jiǔ,啤酒厂,pí jiǔ chǎng,
2341,饶,ráo,饶舌,ráo shé,求饶,qiú ráo,
2342,钥,yuè,密钥,mì yào,私钥,sī yào,
2343,阀,fá,军阀,jūn fá,财阀,cái fá,
2344,慨,kǎi,愤慨,fèn kǎi,感慨,gǎn kǎi,
2345,袁,yuán,袁世凯,yuán shì kǎi,袁绍,yuán shào,
2346,俊,jùn,英俊,yīng jùn,俊杰,jùn jié,
2347,翔,xiáng,飞翔,fēi xiáng,翔实,xiáng shí,
2348,裹,guǒ,包裹,bāo guǒ,裹脚,guǒ jiǎo,
2349,筒,tǒng,话筒,huà tǒng,手电筒,shǒu diàn tǒng,
2350,夷,yí,夷平,yí píng,蛮夷,mán yí,
2351,弦,xián,和弦,hé xián,琴弦,qín xián,
2352,唉,āi / ài,,,,,
2353,筋,jīn,钢筋,gāng jīn,脑筋,nǎo jīn,
2354,抖,dǒu,发抖,fā dǒu,抖动,dǒu dòng,
2355,顽,wán,顽固,wán gù,顽强,wán qiáng,
2356,盯,dīng,盯上,dīng shàng,盯住,dīng zhù,
2357,呐,nà / na,呐喊,nà hǎn,天呐,tiān nà,
2358,坎,kǎn,心坎,xīn kǎn,坎肩,kǎn jiān,
2359,瘾,yǐn,上瘾,shàng yǐn,过瘾,guò yǐn,
2360,喉,hóu,喉舌,hóu shé,深喉,shēn hóu,
2361,霉,méi,倒霉,dǎo méi,发霉,fā méi,
2362,萧,xiāo,萧条,xiāo tiáo,萧瑟,xiāo sè,
2363,卒,zú / cù,狱卒,yù zú,士卒,shì zú,
2364,奢,shē,奢华,shē huá,奢望,shē wàng,
2365,株,zhū,植株,zhí zhū,株连,zhū lián,
2366,捡,jiǎn,捡拾,jiǎn shí,捡漏,jiǎn lòu,
2367,泼,pō,活泼,huó pō,泼妇,pō fù,
2368,颂,sòng,歌颂,gē sòng,赞颂,zàn sòng,
2369,枢,shū,枢纽,shū niǔ,中枢,zhōng shū,
2370,屎,shǐ,拉屎,lā shǐ,狗屎,gǒu shǐ,
2371,掀,xiān,掀起,xiān qǐ,掀开,xiān kāi,
2372,蝶,dié,蝶泳,dié yǒng,凤蝶,fèng dié,
2373,暑,shǔ,暑假,shǔ jià,暑期,shǔ qī,
2374,挨,āi / ái,挨打,ái dǎ,挨饿,ái è,
2375,浆,jiāng / jiàng,岩浆,yán jiāng,血浆,xuè jiāng,
2376,潘,pān,潘金莲,pān jīn lián,潘基文,pān jī wén,
2377,熬,áo / āo,熬夜,áo yè,难熬,nán áo,
2378,梨,lí,雪梨,xuě lí,凤梨,fèng lí,
2379,晃,huǎng / huàng,摇晃,yáo huàng,晃动,huàng dòng,
2380,匙,shi / chí,钥匙,yào shi,汤匙,tāng chí,
2381,芙,fú,舒芙蕾,shū fú lěi,芙蓉,fú róng,
2382,烛,zhú,蜡烛,là zhú,烛光,zhú guāng,
2383,丸,wán,药丸,yào wán,丸子,wán zi,
2384,靖,jìng,嘉靖,jiā jìng,平靖,píng jìng,
2385,湘,xiāng,湘江,xiāng jiāng,湘军,xiāng jūn,
2386,坪,píng,草坪,cǎo píng,停机坪,tíng jī píng,
2387,剖,pōu,解剖,jiě pōu,剖析,pōu xī,
2388,橡,xiàng,橡胶,xiàng jiāo,橡皮,xiàng pí,
2389,腺,xiàn,乳腺癌,rǔ xiàn ái,甲状腺,jiǎ zhuàng xiàn,
2390,蓬,péng,蓬勃,péng bó,蓬松,péng sōng,
2391,禽,qín,禽兽,qín shòu,家禽,jiā qín,
2392,塘,táng,池塘,chí táng,水塘,shuǐ táng,
2393,奠,diàn,奠定,diàn dìng,奠基,diàn jī,
2394,勉,miǎn,勉强,mián qiǎng,勉励,miǎn lì,
2395,侮,wǔ,侮辱,wǔ rǔ,欺侮,qī wǔ,
2396,诀,jué,秘诀,mì jué,口诀,kǒu jué,
2397,矮,ǎi,矮子,ǎi zi,矮人,ǎi rén,
2398,亭,tíng,凉亭,liáng tíng,亭子,tíng zi,
2399,豹,bào,海豹,hǎi bào,猎豹,liè bào,
2400,妄,wàng,妄想,wàng xiǎng,妄图,wàng tú,
2401,刮,guā,搜刮,sōu guā,刮伤,guā shāng,
2402,佑,yòu,保佑,bǎo yòu,天佑,tiān yòu,
2403,芳,fāng,芳香,fāng xiāng,芬芳,fēn fāng,
2404,扁,biǎn / piān,扁平,biǎn píng,压扁,yā biǎn,
2405,逗,dòu,逗留,dòu liú,挑逗,tiǎo dòu,
2406,酿,niàng,酿成,niàng chéng,酿酒,niàng jiǔ,
2407,趟,tàng / tāng,一趟,yī tàng,这趟,zhè tàng,
2408,腥,xīng,血腥,xuè xīng,偷腥,tōu xīng,
2409,耍,shuǎ,玩耍,wán shuǎ,杂耍,zá shuǎ,
2410,雀,què / qiāo,麻雀,má què,孔雀,kǒng què,
2411,搏,bó,拼搏,pīn bó,搏斗,bó dòu,
2412,氢,qīng,氢弹,qīng dàn,氢气,qīng qì,
2413,旱,hàn,干旱,gān hàn,旱灾,hàn zāi,
2414,匠,jiàng,工匠,gōng jiàng,木匠,mù jiàng,
2415,勿,wù,请勿,qǐng wù,切勿,qiè wù,
2416,脖,bó,脖子,bó zi,脖颈,bó gěng,
2417,诡,guǐ,诡异,guǐ yì,诡计,guǐ jì,
2418,坟,fén,坟墓,fén mù,祖坟,zǔ fén,
2419,逛,guàng,逛街,guàng jiē,逛逛,guàng guàng,
2420,韵,yùn,神韵,shén yùn,韵味,yùn wèi,
2421,捍,hàn,捍卫,hàn wèi,捍卫者,hàn wèi zhě,
2422,浑,hún,浑身,hún shēn,浑圆,hún yuán,
2423,芭,bā,芭蕾,bā lěi,芭蕾舞,bā lěi wǔ,
2424,毙,bì,击毙,jī bì,枪毙,qiāng bì,
2425,畴,chóu,范畴,fàn chóu,平畴,píng chóu,
2426,蛛,zhū,蛛网,zhū wǎng,狼蛛,láng zhū,
2427,噪,zào,噪音,zào yīn,噪声,zào shēng,
2428,沪,hù,京沪,jīng hù,沪宁,hù níng,
2429,溜,liū / liù,溜冰,liū bīng,溜达,liū dá,
2430,玄,xuán,玄机,xuán jī,玄学,xuán xué,
2431,卵,luǎn,产卵,chǎn luǎn,卵子,luǎn zi,
2432,汪,wāng,汪洋,wāng yáng,汪汪,wāng wāng,
2433,殴,ōu,殴打,ōu dǎ,斗殴,dòu ōu,
2434,巢,cháo,巢穴,cháo xué,卵巢,luǎn cháo,
2435,衫,shān,衣衫,yī shān,汗衫,hàn shān,
2436,捞,lāo,捕捞,bǔ lāo,打捞,dǎ lāo,
2437,轿,jiào,轿车,jiào chē,轿子,jiào zi,
2438,舟,zhōu,方舟,fāng zhōu,龙舟,lóng zhōu,
2439,冤,yuān,冤家,yuān jiā,冤案,yuān àn,
2440,琼,qióng,琼脂,qióng zhī,,,
2441,仲,zhòng,仲裁,zhòng cái,仲介,zhòng jiè,
2442,淹,yān,淹没,yān mò,淹死,yān sǐ,
2443,燥,zào,干燥,gān zào,燥热,zào rè,
2444,峻,jùn,严峻,yán jùn,险峻,xiǎn jùn,
2445,毅,yì,毅力,yì lì,毅然,yì rán,
2446,醇,chún,乙醇,yǐ chún,胆固醇,dǎn gù chún,
2447,衬,chèn,衬衫,chèn shān,衬衣,chèn yī,
2448,椒,jiāo,辣椒,là jiāo,胡椒,hú jiāo,
2449,娇,jiāo,撒娇,sā jiāo,娇小,jiāo xiǎo,
2450,晴,qíng,晴天,qíng tiān,晴朗,qíng lǎng,
2451,仑,lún,加仑,jiā lún,库仑,kù lún,
2452,栖,qī / xī,栖息,qī xī,两栖,liǎng qī,
2453,澄,chéng / dèng,澄清,chéng qīng,清澄,qīng chéng,
2454,鹏,péng,大鹏,dà péng,黄鹏,huáng péng,
2455,渊,yuān,深渊,shēn yuān,渊源,yuān yuán,
2456,匆,cōng,匆匆,cōng cōng,匆忙,cōng máng,
2457,撼,hàn,震撼,zhèn hàn,撼动,hàn dòng,
2458,溯,sù,追溯,zhuī sù,溯源,sù yuán,
2459,睹,dǔ,目睹,mù dǔ,一睹,yī dǔ,
2460,蚁,yǐ,白蚁,bái yǐ,工蚁,gōng yǐ,
2461,菩,pú,菩萨,pú sà,菩提,pú tí,
2462,菊,jú,菊花,jú huā,黄菊,huáng jú,
2463,铸,zhù,铸造,zhù zào,铸币,zhù bì,
2464,洒,sǎ,洒脱,sǎ tuō,喷洒,pēn sǎ,
2465,栽,zāi,栽培,zāi péi,栽种,zāi zhòng,
2466,臀,tún,臀部,tún bù,臀围,tún wéi,
2467,凸,tū,凸显,tū xiǎn,凸现,tū xiàn,
2468,翅,chì,翅膀,chì bǎng,展翅,zhǎn chì,
2469,焰,yàn,火焰,huǒ yàn,烈焰,liè yàn,
2470,鲸,jīng,鲸鱼,jīng yú,捕鲸,bǔ jīng,
2471,硫,liú,硫酸,liú suān,硫化,liú huà,
2472,颖,yǐng,新颖,xīn yǐng,聪颖,cōng yǐng,
2473,脊,jǐ,脊梁,jí liáng,山脊,shān jí,
2474,陋,lòu,丑陋,chǒu lòu,简陋,jiǎn lòu,
2475,碟,dié,飞碟,fēi dié,光碟,guāng dié,
2476,冯,féng / píng,冯玉祥,féng yù xiáng,冯友兰,féng yǒu lán,
2477,喘,chuǎn,喘息,chuǎn xī,喘气,chuǎn qì,
2478,辰,chén,诞辰,dàn chén,星辰,xīng chén,
2479,泣,qì,哭泣,kū qì,抽泣,chōu qì,
2480,淀,diàn,沉淀,chén diàn,淀粉,diàn fěn,
2481,碧,bì,碧玉,bì yù,碧蓝,bì lán,
2482,昭,zhāo,昭示,zhāo shì,昭雪,zhāo xuě,
2483,稽,jī / qǐ,滑稽,huá jī,稽查,jī chá,
2484,浸,jìn,沉浸,chén jìn,浸泡,jìn pào,
2485,尉,wèi / yù,上尉,shàng wèi,中尉,zhōng wèi,
2486,猩,xīng,猩猩,xīng xīng,大猩猩,dà xīng xīng,
2487,冶,yě,冶金,yě jīn,冶炼,yě liàn,
2488,窄,zhǎi,狭窄,xiá zhǎi,窄小,zhǎi xiǎo,
2489,贞,zhēn,贞观,zhēn guàn,忠贞,zhōng zhēn,
2490,捏,niē,捏造,niē zào,拿捏,ná niē,
2491,悼,dào,悼念,dào niàn,哀悼,āi dào,
2492,沾,zhān,沾满,zhān mǎn,沾染,zhān rǎn,
2493,隧,suì,隧道,suì dào,隧洞,suì dòng,
2494,荆,jīng,紫荆,zǐ jīng,荆楚网,jīng chǔ wǎng,
2495,篷,péng,帐篷,zhàng péng,斗篷,dǒu péng,
2496,乞,qǐ,乞讨,qǐ tǎo,乞求,qǐ qiú,
2497,勘,kān,勘探,kān tàn,勘察,kān chá,
2498,蕉,jiāo / qiáo,香蕉,xiāng jiāo,芭蕉,bā jiāo,
2499,迄,qì,迄今,qì jīn,,,
2500,茅,máo,茅台,máo tái,茅台酒,máo tái jiǔ,
2501,歪,wāi / wǎi,歪曲,wāi qū,歪风,wāi fēng,
2502,沫,mò,泡沫,pào mò,白沫,bái mò,
2503,榴,liú,手榴弹,shǒu liú dàn,石榴,shí liú,
2504,茄,jiā / qié,番茄,fān qié,茄子,qié zi,
2505,晤,wù,会晤,huì wù,晤面,wù miàn,
2506,捧,pěng,追捧,zhuī pěng,吹捧,chuī pěng,
2507,昔,xī,昔日,xī rì,往昔,wǎng xī,
2508,谦,qiān,谦虚,qiān xū,谦卑,qiān bēi,
2509,呜,wū,呜呜,wū wū,呜呼,wū hū,
2510,翘,qiào / qiáo,翘楚,qiáo chǔ,连翘,lián qiáo,
2511,墅,shù,别墅,bié shù,,,
2512,桩,zhuāng,一桩,yī zhuāng,木桩,mù zhuāng,
2513,崖,yá,悬崖,xuán yá,断崖,duàn yá,
2514,鞭,biān,鞭打,biān dǎ,鞭子,biān zi,
2515,杠,gāng / gàng,杠杆,gàng gǎn,单杠,dān gàng,
2516,棺,guān,棺材,guān cái,棺木,guān mù,
2517,闽,mǐn,闽南,mǐn nán,闽江,mǐn jiāng,
2518,枕,zhěn,枕头,zhěn tou,枕木,zhěn mù,
2519,铭,míng,铭记,míng jì,铭文,míng wén,
2520,缚,fù,束缚,shù fù,绑缚,bǎng fù,
2521,烹,pēng,烹调,pēng tiáo,烹煮,pēng zhǔ,
2522,嫂,sǎo,嫂子,sǎo zi,大嫂,dà sǎo,
2523,搅,jiǎo,搅乱,jiǎo luàn,搅动,jiǎo dòng,
2524,榄,lǎn,橄榄,gǎn lǎn,橄榄球,gǎn lǎn qiú,
2525,赦,shè,赦免,shè miǎn,特赦,tè shè,
2526,柄,bǐng,手柄,shǒu bǐng,把柄,bá bǐng,
2527,稚,zhì,幼稚,yòu zhì,幼稚园,yòu zhì yuán,
2528,氓,máng / méng,流氓,liú máng,流氓罪,liú máng zuì,
2529,崔,cuī,崔巍,cuī wēi,,,
2530,巷,xiàng,小巷,xiǎo xiàng,巷子,xiàng zi,
2531,蝴,hú,蝴蝶,hú dié,蝴蝶结,hú dié jié,
2532,垮,kuǎ,垮台,kuǎ tái,打垮,dá kuǎ,
2533,钦,qīn,钦佩,qīn pèi,钦定,qīn dìng,
2534,躁,zào,烦躁,fán zào,暴躁,bào zào,
2535,瓣,bàn,豆瓣,dòu bàn,花瓣,huā bàn,
2536,鄙,bǐ,卑鄙,bēi bǐ,鄙视,bǐ shì,
2537,棕,zōng,棕色,zōng sè,油棕,yóu zōng,
2538,磅,bàng / páng,重磅,zhòng bàng,过磅,guò bàng,
2539,睁,zhēng,眼睁睁,yǎn zhēng zhēng,睁开,zhēng kāi,
2540,沼,zhǎo,沼泽,zhǎo zé,沼气,zhǎo qì,
2541,恳,kěn,恳求,kěn qiú,诚恳,chéng kěn,
2542,瘫,tān,脑瘫,nǎo tān,面瘫,miàn tān,
2543,棵,kē,一棵,yī kē,,,
2544,膝,xī,膝盖,xī gài,膝下,xī xià,
2545,驴,lǘ,驴子,lǘ zi,毛驴,máo lǘ,
2546,赁,lìn,租赁,zū lìn,,,
2547,膏,gāo / gào,牙膏,yá gāo,石膏,shí gāo,
2548,逸,yì,逃逸,táo yì,安逸,ān yì,
2549,甩,shuǎi,甩掉,shuǎi diào,甩开,shuǎi kāi,
2550,铅,qiān / yán,铅笔,qiān bǐ,铅球,qiān qiú,
2551,爪,zhǎo / zhuǎ,爪子,zhuǎ zi,爪牙,zhǎo yá,
2552,挠,náo,阻挠,zǔ náo,挠头,náo tóu,
2553,愁,chóu,忧愁,yōu chóu,发愁,fā chóu,
2554,舶,bó,船舶,chuán bó,舶来品,bó lái pǐn,
2555,涡,wō / guō,涡轮,wō lún,旋涡,xuán wō,
2556,腻,nì,细腻,xì nì,油腻,yóu nì,
2557,氨,ān,氨基酸,ān jī suān,氨基,ān jī,
2558,妒,dù,妒忌,dù jì,忌妒,jì dù,
2559,赎,shú,救赎,jiù shú,赎金,shú jīn,
2560,枯,kū,枯竭,kū jié,枯燥,kū zào,
2561,萌,méng,萌生,méng shēng,萌发,méng fā,
2562,拐,guǎi,诱拐,yòu guǎi,拐卖,guǎi mài,
2563,蟹,xiè,河蟹,hé xiè,蟹肉,xiè ròu,
2564,赂,lù,贿赂,huì lù,性贿赂,xìng huì lù,
2565,缆,lǎn,电缆,diàn lǎn,缆车,lǎn chē,
2566,钞,chāo,钞票,chāo piào,假钞,jiǎ chāo,
2567,帆,fān,帆船,fān chuán,帆布,fān bù,
2568,烫,tàng,烫伤,tàng shāng,滚烫,gǔn tàng,
2569,纬,wěi,北纬,béi wěi,纬度,wěi dù,
2570,卦,guà,八卦,bā guà,变卦,biàn guà,
2571,蕴,yùn,蕴藏,yùn cáng,蕴含,yùn hán,
2572,茎,jīng,阴茎,yīn jīng,根茎,gēn jīng,
2573,虏,lǔ,俘虏,fú lǔ,虏获,lǔ huò,
2574,涩,sè,羞涩,xiū sè,苦涩,kǔ sè,
2575,芽,yá,萌芽,méng yá,发芽,fā yá,
2576,橄,gǎn,橄榄,gǎn lǎn,橄榄球,gǎn lǎn qiú,
2577,茂,mào,茂盛,mào shèng,茂密,mào mì,
2578,痒,yǎng,痒痒,yǎng yǎng,发痒,fā yǎng,
2579,鼎,dǐng,鼎盛,dǐng shèng,问鼎,wèn dǐng,
2580,谭,tán,谭震林,tán zhèn lín,谭盾,tán dùn,
2581,蜘,zhī,蜘蛛,zhī zhū,蜘蛛人,zhī zhū rén,
2582,筛,shāi,筛选,shāi xuǎn,筛查,shāi chá,
2583,倦,juàn,厌倦,yàn juàn,疲倦,pí juàn,
2584,哄,hǒng / hōng / hòng,起哄,qǐ hòng,哄骗,hǒng piàn,
2585,玲,líng,玲玲,líng líng,,,
2586,窥,kuī,偷窥,tōu kuī,窥探,kuī tàn,
2587,吼,hǒu,怒吼,nù hǒu,吼叫,hǒu jiào,
2588,蔓,màn / mán,蔓延,màn yán,藤蔓,téng wàn,
2589,濒,bīn,濒临,bīn lín,濒危,bīn wēi,
2590,姜,jiāng,生姜,shēng jiāng,姜黄,jiāng huáng,
2591,砂,shā,砂石,shā shí,砂岩,shā yán,
2592,恕,shù,宽恕,kuān shù,饶恕,ráo shù,
2593,捣,dǎo,捣乱,dǎo luàn,捣毁,dǎo huǐ,
2594,鹤,hè,白鹤,bái hè,仙鹤,xiān hè,
2595,薯,shǔ,马铃薯,mǎ líng shǔ,薯条,shǔ tiáo,
2596,碱,jiǎn,碱性,jiǎn xìng,碱基,jiǎn jī,
2597,腕,wàn,手腕,shǒu wàn,腕表,wàn biǎo,
2598,锤,chuí,锤子,chuí zi,大锤,dà chuí,
2599,驼,tuó,驼峰,tuó fēng,驼背,tuó bèi,
2600,煎,jiān,煎熬,jiān áo,煎饼,jiān bǐng,
2601,潭,tán,泥潭,ní tán,水潭,shuǐ tán,
2602,壶,hú,水壶,shuǐ hú,茶壶,chá hú,
2603,岂,qǐ / kǎi,岂料,qǐ liào,岂止,qí zhǐ,
2604,掷,zhì,投掷,tóu zhì,抛掷,pāo zhì,
2605,霜,shuāng,面霜,miàn shuāng,防晒霜,fáng shài shuāng,
2606,钮,niǔ,按钮,àn niǔ,旋钮,xuán niǔ,
2607,羡,xiàn,羡慕,xiàn mù,艳羡,yàn xiàn,
2608,肮,āng,肮脏,āng zāng,,,
2609,蛙,wā,青蛙,qīng wā,牛蛙,niú wā,
2610,肪,fáng,脂肪,zhī fáng,脂肪酸,zhī fáng suān,
2611,婶,shěn,婶婶,shěn shěn,大婶,dà shěn,
2612,宵,xiāo,通宵,tōng xiāo,宵禁,xiāo jìn,
2613,酵,jiào,发酵,fā jiào,酵母,jiào mǔ,
2614,铝,lǚ,铝合金,lǚ hé jīn,氧化铝,yǎng huà lǚ,
2615,沮,jǔ,沮丧,jǔ sàng,,,
2616,崭,zhǎn,崭新,zhǎn xīn,,,
2617,闸,zhá,闸门,zhá mén,水闸,shuǐ zhá,
2618,屯,tún / zhūn,屯子,tún zi,屯驻,tún zhù,
2619,魁,kuí,党魁,dǎng kuí,罪魁,zuì kuí,
2620,绎,yì,演绎,yǎn yì,络绎,luò yì,
2621,毯,tǎn,地毯,dì tǎn,毛毯,máo tǎn,
2622,冀,jì,希冀,xī jì,期冀,qī jì,
2623,弓,gōng,弓箭,gōng jiàn,弹弓,dàn gōng,
2624,侄,zhí,侄子,zhí zi,侄女,zhí nǚ,
2625,渣,zhā,人渣,rén zhā,残渣,cán zhā,
2626,吟,yín,吟唱,yín chàng,吟诗,yín shī,
2627,捆,kǔn,捆绑,kǔn bǎng,捆缚,kǔn fù,
2628,泌,mì / bì,分泌,fēn mì,内分泌,nèi fēn mì,
2629,嵌,qiàn,嵌入,qiàn rù,嵌入式,qiàn rù shì,
2630,鳄,è,鳄鱼,è yú,鳄梨,è lí,
2631,竖,shù,竖立,shù lì,竖起,shù qǐ,
2632,袍,páo,长袍,cháng páo,旗袍,qí páo,
2633,梭,suō,穿梭,chuān suō,太空梭,tài kōng suō,
2634,杏,xìng,杏仁,xìng rén,银杏,yín xìng,
2635,绣,xiù,刺绣,cì xiù,锦绣,jǐn xiù,
2636,沸,fèi,沸腾,fèi téng,沸点,fèi diǎn,
2637,舅,jiù,舅舅,jiù jiù,舅妈,jiù mā,
2638,哩,li / lǐ,咖哩,kā lī,,,
2639,嫉,jí,嫉妒,jí dù,嫉恨,jí hèn,
2640,宛,wǎn,宛如,wǎn rú,宛若,wǎn ruò,
2641,茫,máng,迷茫,mí máng,茫茫,máng máng,
2642,徙,xǐ,迁徙,qiān xǐ,转徙,zhuán xǐ,
2643,菇,gū,香菇,xiāng gū,冬菇,dōng gū,
2644,搁,gē / gé,搁置,gē zhì,搁浅,gē qiǎn,
2645,挚,zhì,诚挚,chéng zhì,挚爱,zhì ài,
2646,阱,jǐng,陷阱,xiàn jǐng,势阱,shì jǐng,
2647,掏,tāo,掏出,tāo chū,掏钱,tāo qián,
2648,咳,ké / hāi,止咳,zhǐ ké,干咳,gān ké,
2649,绅,shēn,绅士,shēn shì,乡绅,xiāng shēn,
2650,歼,jiān,歼灭,jiān miè,全歼,quán jiān,
2651,橘,jú,橘子,jú zi,橘色,jú sè,
2652,栗,lì,栗子,lì zi,板栗,bǎn lì,
2653,蔑,miè,蔑视,miè shì,轻蔑,qīng miè,
2654,蹲,dūn / cún,蹲下,dūn xià,蹲点,dūn diǎn,
2655,扒,bā / pá,扒开,bā kāi,扒皮,bā pí,
2656,芦,lú,芦花,lú huā,葫芦,hú lú,
2657,硅,guī,硅胶,guī jiāo,硅酸盐,guī suān yán,
2658,棚,péng,摄影棚,shè yǐng péng,大棚,dà péng,
2659,戳,chuō,戳破,chuō pò,戳穿,chuō chuān,
2660,恤,xù,抚恤,fǔ xù,体恤,tǐ xù,
2661,翠,cuì,翠绿,cuì lǜ,翠鸟,cuì niǎo,
2662,敞,chǎng,敞开,chǎng kāi,宽敞,kuān chǎng,
2663,灿,càn,灿烂,càn làn,金灿灿,jīn càn càn,
2664,碌,lù / liù,忙碌,máng lù,劳碌,láo lù,
2665,刹,shā / chà,刹车,shā chē,刹那,chà nà,
2666,蝠,fú,狐蝠,hú fú,蝙蝠,biān fú,
2667,吏,lì,官吏,guān lì,吏治,lì zhì,
2668,朽,xiǔ,腐朽,fǔ xiǔ,不朽,bù xiǔ,
2669,兜,dōu,兜售,dōu shòu,兜风,dōu fēng,
2670,遏,è,遏制,è zhì,遏止,è zhǐ,
2671,瀑,pù / bào,瀑布,pù bù,飞瀑,fēi pù,
2672,溢,yì,溢出,yì chū,洋溢,yáng yì,
2673,隙,xì,缝隙,fèng xì,空隙,kòng xì,
2674,蝇,yíng,苍蝇,cāng yíng,果蝇,guǒ yíng,
2675,铲,chǎn,铲除,chǎn chú,铲子,chǎn zi,
2676,礁,jiāo,礁石,jiāo shí,暗礁,àn jiāo,
2677,橙,chéng,橙色,chéng sè,橙子,chéng zi,
2678,熔,róng,熔岩,róng yán,熔化,róng huà,
2679,缸,gāng,浴缸,yù gāng,气缸,qì gāng,
2680,牡,mǔ,牡丹,mǔ dān,牡鹿,mǔ lù,
2681,沧,cāng,沧桑,cāng sāng,沧桑感,cāng sāng gǎn,
2682,痪,huàn,瘫痪,tān huàn,,,
2683,斋,zhāi,斋戒,zhāi jiè,书斋,shū zhāi,
2684,狸,lí,狐狸,hú lí,狐狸精,hú lí jīng,
2685,葱,cōng,洋葱,yáng cōng,青葱,qīng cōng,
2686,蜀,shǔ,蜀葵,shǔ kuí,玉蜀黍,yù shǔ shǔ,
2687,淑,shū,淑女,shū nǚ,贤淑,xián shū,
2688,颤,chàn,颤抖,chàn dǒu,震颤,zhèn chàn,
2689,氯,lǜ,氯气,lǜ qì,氯仿,lǜ fǎng,
2690,炫,xuàn,炫耀,xuàn yào,酷炫,kù xuàn,
2691,豁,huō / huò / huá,豁免,huò miǎn,豁免权,huò miǎn quán,
2692,粪,fèn,粪便,fèn biàn,大粪,dà fèn,
2693,绰,chuò / chāo,绰号,chuò hào,阔绰,kuò chuò,
2694,诅,zǔ,诅咒,zǔ zhòu,咒诅,zhòu zǔ,
2695,姚,yáo,姚明,yáo míng,姚文元,yáo wén yuán,
2696,蝙,biān,蝙蝠,biān fú,,,
2697,懈,xiè,不懈,bú xiè,松懈,sōng xiè,
2698,侈,chǐ,奢侈,shē chǐ,奢侈品,shē chǐ pǐn,
2699,诵,sòng,朗诵,lǎng sòng,背诵,bèi sòng,
2700,堤,dī,堤防,dī fáng,堤坝,dī bà,
2701,绸,chóu,丝绸,sī chóu,绸子,chóu zi,
2702,衅,xìn,挑衅,tiǎo xìn,寻衅,xún xìn,
2703,觅,mì,寻觅,xún mì,觅食,mì shí,
2704,霞,xiá,晚霞,wǎn xiá,烟霞,yān xiá,
2705,骆,luò,骆驼,luò tuó,骆马,luò mǎ,
2706,耽,dān,耽误,dān wù,耽搁,dān gē,
2707,呕,ǒu,呕吐,ǒu tù,作呕,zuò ǒu,
2708,髓,suǐ,精髓,jīng suǐ,骨髓,gú suǐ,
2709,崎,qí,崎岖,qí qū,,,
2710,盔,kuī,头盔,tóu kuī,盔甲,kuī jiǎ,
2711,拷,kǎo,拷问,kǎo wèn,拷贝,kǎo bèi,
2712,剿,jiǎo / chāo,围剿,wéi jiǎo,清剿,qīng jiǎo,
2713,趴,pā,趴在,pā zài,趴窝,pā wō,
2714,畔,pàn,河畔,hé pàn,湖畔,hú pàn,
2715,垦,kěn,开垦,kāi kěn,屯垦,tún kěn,
2716,笛,dí,笛子,dí zi,长笛,cháng dí,
2717,譬,pì,譬如,pì rú,譬喻,pì yù,
2718,匀,yún,均匀,jūn yún,匀称,yún chèn,
2719,雌,cí,雌性,cí xìng,雌雄,cí xióng,
2720,婿,xù,女婿,nǚ xù,夫婿,fū xù,
2721,磷,lín,磷酸,lín suān,磷肥,lín féi,
2722,琐,suǒ,繁琐,fán suǒ,琐事,suǒ shì,
2723,彪,biāo,彪形,biāo xíng,彪悍,biāo hàn,
2724,哨,shào,前哨,qián shào,哨兵,shào bīng,
2725,钙,gài,钙质,gài zhì,碳酸钙,tàn suān gài,
2726,窍,qiào,诀窍,jué qiào,窍门,qiào mén,
2727,叭,bā,喇叭,lǎ bā,吹喇叭,chuī lǎ bā,
2728,媚,mèi,明媚,míng mèi,媚外,mèi wài,
2729,哑,yǎ / yā,哑巴,yǎ ba,沙哑,shā yǎ,
2730,昧,mèi,愚昧,yú mèi,蒙昧,méng mèi,
2731,躯,qū,躯体,qū tǐ,身躯,shēn qū,
2732,萎,wěi,萎缩,wēi suō,枯萎,kū wěi,
2733,梳,shū,梳理,shū lǐ,梳子,shū zi,
2734,刃,rèn,刀刃,dāo rèn,利刃,lì rèn,
2735,棘,jí,棘手,jí shǒu,荆棘,jīng jí,
2736,哺,bǔ / bū,哺乳,bǔ rǔ,哺育,bǔ yù,
2737,嘱,zhǔ,遗嘱,yí zhǔ,嘱托,zhǔ tuō,
2738,伺,cì / sì,伺候,cì hòu,伺服器,cì fú qì,
2739,揽,lǎn,招揽,zhāo lǎn,包揽,bāo lǎn,
2740,拱,gǒng,拱门,gǒng mén,拱手,gǒng shǒu,
2741,芜,wú,荒芜,huāng wú,莱芜,lái wú,
2742,锈,xiù,不锈钢,bú xiù gāng,生锈,shēng xiù,
2743,韧,rèn,坚韧,jiān rèn,韧性,rèn xìng,
2744,敷,fū,敷衍,fū yǎn,敷设,fū shè,
2745,矫,jiǎo / jiáo,矫正,jiǎo zhèng,矫情,jiǎo qíng,
2746,醋,cù,吃醋,chī cù,醋酸,cù suān,
2747,叮,dīng,叮当,dīng dāng,叮嘱,dīng zhǔ,
2748,秃,tū,秃头,tū tóu,秃鹰,tū yīng,
2749,揉,róu,揉合,róu hé,揉碎,róu suì,
2750,嚣,xiāo,嚣张,xiāo zhāng,叫嚣,jiào xiāo,
2751,椎,chuí / zhuī,脊椎,jǐ zhuī,颈椎,jǐng chuí,
2752,溉,gài,灌溉,guàn gài,灌溉渠,guàn gài qú,
2753,铐,kào,手铐,shǒu kào,镣铐,liào kào,
2754,馒,mán,馒头,mán tou,,,
2755,蚂,mǎ / mà / mā,蚂蚁,má yǐ,蚂蚁窝,má yǐ wō,
2756,鞍,ān,马鞍,mǎ ān,鞍马,ān mǎ,
2757,惕,tì,警惕,jǐng tì,警惕性,jǐng tì xìng,
2758,窟,kū,石窟,shí kū,贫民窟,pín mín kū,
2759,拌,bàn,搅拌,jiǎo bàn,凉拌,liáng bàn,
2760,簿,bù,相簿,xiāng bù,账簿,zhàng bù,
2761,俯,fǔ,俯冲,fǔ chōng,俯视,fǔ shì,
2762,坤,kūn,干坤,gàn kūn,,,
2763,魄,pò,魄力,pò lì,气魄,qì pò,
2764,傍,bàng,傍晚,bàng wǎn,依傍,yī bàng,
2765,谤,bàng,毁谤,huǐ bàng,诽谤,fěi bàng,
2766,拢,lǒng,靠拢,kào lǒng,拉拢,lā lǒng,
2767,淆,xiáo,混淆,hùn xiáo,淆乱,xiáo luàn,
2768,棱,léng / lēng / líng,棱镜,léng jìng,棱角,léng jiǎo,
2769,澜,lán,波澜,bō lán,,,
2770,矢,shǐ,矢量,shǐ liàng,矢志,shǐ zhì,
2771,洽,qià,洽谈,qià tán,融洽,róng qià,
2772,咙,lóng,喉咙,hóu lóng,,,
2773,绒,róng,绒毛,róng máo,丝绒,sī róng,
2774,亥,hài,辛亥,xīn hài,亥时,hài shí,
2775,憎,zēng,憎恨,zēng hèn,憎恶,zēng wù,
2776,噩,è,噩梦,è mèng,噩耗,è hào,
2777,抒,shū,抒情,shū qíng,抒发,shū fā,
2778,咏,yǒng,歌咏,gē yǒng,咏春,yǒng chūn,
2779,冕,miǎn,卫冕,wèi miǎn,加冕,jiā miǎn,
2780,肛,gāng,肛门,gāng mén,肛交,gāng jiāo,
2781,屑,xiè,不屑,bú xiè,碎屑,suì xiè,
2782,萤,yíng,萤幕,yíng mù,萤火虫,yíng huǒ chóng,
2783,镶,xiāng,镶嵌,xiāng qiàn,镶边,xiāng biān,
2784,蚊,wén,蚊子,wén zi,蚊虫,wén chóng,
2785,歹,dǎi,歹徒,dǎi tú,好歹,háo dǎi,
2786,丙,bǐng,丙醇,bǐng chún,丙申,bǐng shēn,
2787,皂,zào,肥皂,féi zào,香皂,xiāng zào,
2788,帘,lián,窗帘,chuāng lián,眼帘,yǎn lián,
2789,凿,záo,开凿,kāi záo,确凿,què záo,
2790,啸,xiào,海啸,hǎi xiào,呼啸,hū xiào,
2791,哗,huā / huá,哗然,huá rán,哗变,huá biàn,
2792,斧,fǔ,斧头,fǔ tóu,战斧,zhàn fǔ,
2793,懦,nuò,懦弱,nuò ruò,懦夫,nuò fū,
2794,骇,hài,骇客,hài kè,骇人,hài rén,
2795,咕,gū,嘀咕,dí gū,咕唧,gū jī,
2796,皱,zhòu,皱纹,zhòu wén,皱眉,zhòu méi,
2797,柠,níng,青柠,qīng níng,柠檬,níng méng,
2798,讳,huì,忌讳,jì huì,避讳,bì huì,
2799,蓉,róng,芙蓉,fú róng,莲蓉,lián róng,
2800,檬,méng,柠檬,níng méng,柠檬汁,níng méng zhī,
2801,咽,yàn / yān / yè,咽喉,yān hóu,呜咽,wū yè,
2802,犀,xī,犀利,xī lì,犀牛,xī niú,
2803,甫,fǔ,台甫,tái fǔ,,,
2804,钠,nà,氯化钠,lǜ huà nà,碳酸钠,tàn suān nà,
2805,氮,dàn,氮气,dàn qì,液氮,yè dàn,
2806,慷,kāng,慷慨,kāng kǎi,,,
2807,杖,zhàng,拐杖,guǎi zhàng,魔杖,mó zhàng,
2808,枣,zǎo,红枣,hóng zǎo,枣子,zǎo zi,
2809,竣,jùn,竣工,jùn gōng,告竣,gào jùn,
2810,诽,fěi,诽谤,fěi bàng,腹诽,fù fěi,
2811,轩,xuān,轩昂,xuān áng,,,
2812,熄,xī,熄灭,xī miè,熄灯,xī dēng,
2813,绞,jiǎo,绞刑,jiǎo xíng,绞死,jiǎo sǐ,
2814,倘,tǎng / cháng,倘若,tǎng ruò,倘或,tǎng huò,
2815,褐,hè,褐色,hè sè,褐煤,hè méi,
2816,弧,hú,弧形,hú xíng,弧度,hú dù,
2817,茉,mò,茉莉,mò lì,茉莉花,mò lì huā,
2818,薛,xuē,薛仁贵,xuē rén guì,薛居正,xuē jū zhèng,
2819,丐,gài,乞丐,qǐ gài,丐帮,gài bāng,
2820,鳍,qí,背鳍,bèi qí,尾鳍,wěi qí,
2821,剃,tì,剃头,tì tóu,剃刀,tì dāo,
2822,寝,qǐn,寝室,qǐn shì,陵寝,líng qǐn,
2823,蒲,pú,蒲团,pú tuán,蒲公英,pú gōng yīng,
2824,桐,tóng,桐油,tóng yóu,油桐,yóu tóng,
2825,诫,jiè,告诫,gào jiè,训诫,xùn jiè,
2826,庐,lú,茅庐,máo lú,结庐,jié lú,
2827,嗜,shì,嗜好,shì hào,嗜血,shì xuè,
2828,蘑,mó,蘑菇,mó gū,口蘑,kǒu mó,
2829,喧,xuān,喧嚣,xuān xiāo,喧闹,xuān nào,
2830,耿,gěng,耿直,gěng zhí,耿耿,gěng gěng,
2831,鸽,gē,鸽子,gē zi,信鸽,xìn gē,
2832,暇,xiá,闲暇,xián xiá,无暇,wú xiá,
2833,闺,guī,闺蜜,guī mì,闺女,guī nǚ,
2834,泵,bèng,水泵,shuǐ bèng,泵站,bèng zhàn,
2835,嚼,jiáo / jiào,嚼舌根,jiáo shé gēn,嚼舌头,jiáo shé tou,
2836,浇,jiāo,浇水,jiāo shuǐ,浇灌,jiāo guàn,
2837,窑,yáo,窑洞,yáo dòng,砖窑,zhuān yáo,
2838,粥,zhōu / yù,白粥,bái zhōu,米粥,mǐ zhōu,
2839,悍,hàn,强悍,qiáng hàn,凶悍,xiōng hàn,
2840,驯,xùn,驯服,xùn fú,驯鹿,xùn lù,
2841,嗽,sòu,咳嗽,ké sòu,,,
2842,蛤,há / gé,文蛤,wén gé,鸟蛤,niǎo há,
2843,栈,zhàn,客栈,kè zhàn,栈道,zhàn dào,
2844,锯,jù / jū,锯齿,jù chǐ,电锯,diàn jù,
2845,诬,wū,诬陷,wū xiàn,诬蔑,wū miè,
2846,琉,liú,琉璃,liú lí,琉璃瓦,liú lí wǎ,
2847,胚,pēi,胚胎,pēi tāi,胚层,pēi céng,
2848,榨,zhà,压榨,yā zhà,榨菜,zhà cài,
2849,烘,hōng,烘烤,hōng kǎo,烘干,hōng gān,
2850,鲤,lǐ,鲤鱼,lǐ yú,锦鲤,jǐn lǐ,
2851,撇,piē / piě,撇开,piē kāi,撇清,piē qīng,
2852,筝,zhēng,风筝,fēng zhēng,古筝,gǔ zhēng,
2853,靴,xuē,靴子,xuē zi,短靴,duǎn xuē,
2854,藻,zǎo,藻类,zǎo lèi,海藻,hǎi zǎo,
2855,趾,zhǐ,脚趾,jiǎo zhǐ,脚趾头,jiǎo zhǐ tóu,
2856,梗,gěng,梗概,gěng gài,梗阻,gěng zǔ,
2857,苛,kē,苛刻,kē kè,严苛,yán kē,
2858,昵,nì,昵称,nì chēng,亲昵,qīn nì,
2859,乒,pīng,乒坛,pīng tán,乒乓,pīng pāng,
2860,捅,tǒng,捅破,tǒng pò,捅娄子,tǒng lóu zi,
2861,殷,yīn / yān / yǐn,殷勤,yīn qín,殷切,yīn qiè,
2862,跋,bá,跋涉,bá shè,题跋,tí bá,
2863,扳,bān / pān,扳机,bān jī,扳回,bān huí,
2864,揍,zòu,挨揍,āi zòu,欠揍,qiàn zòu,
2865,焊,hàn,焊接,hàn jiē,电焊,diàn hàn,
2866,睦,mù,和睦,hé mù,睦邻,mù lín,
2867,溺,nì / niào,溺水,nì shuǐ,溺爱,nì ài,
2868,瞻,zhān,前瞻,qián zhān,瞻仰,zhān yǎng,
2869,缀,zhuì,点缀,diǎn zhuì,后缀,hòu zhuì,
2870,秉,bǐng,秉持,bǐng chí,秉承,bǐng chéng,
2871,贮,zhù,贮存,zhù cún,贮藏,zhù cáng,
2872,猿,yuán,猿人,yuán rén,猿猴,yuán hóu,
2873,膊,bó,赤膊,chì bó,肩膊,jiān bó,
2874,绊,bàn,绊倒,bàn dǎo,绊脚石,bàn jiǎo shí,
2875,廓,kuò,轮廓,lún kuò,廓清,kuò qīng,
2876,扛,káng / gāng,,,,,
2877,憋,biē,憋气,biē qì,憋不住,biē bú zhù,
2878,幢,chuáng / zhuàng,一幢,yī chuáng,经幢,jīng chuáng,
2879,钝,dùn,迟钝,chí dùn,愚钝,yú dùn,
2880,孵,fū,孵化,fū huà,孵化器,fū huà qì,
2881,敛,liǎn,收敛,shōu liǎn,敛财,liǎn cái,
2882,惫,bèi,疲惫,pí bèi,,,
2883,榆,yú,榆树,yú shù,榆木,yú mù,
2884,拇,mǔ,拇指,mǔ zhǐ,大拇指,dà mú zhǐ,
2885,隘,ài,狭隘,xiá ài,隘口,ài kǒu,
2886,窜,cuàn,逃窜,táo cuàn,流窜,liú cuàn,
2887,椭,tuǒ,椭圆,tuǒ yuán,椭圆形,tuǒ yuán xíng,
2888,篡,cuàn,篡改,cuàn gǎi,篡夺,cuàn duó,
2889,曙,shǔ,曙光,shǔ guāng,曙色,shǔ sè,
2890,泻,xiè,腹泻,fù xiè,倾泻,qīng xiè,
2891,咐,fù,嘱咐,zhǔ fù,吩咐,fēn fù,
2892,靶,bǎ,靶场,bá chǎng,靶子,bǎ zi,
2893,寇,kòu,日寇,rì kòu,流寇,liú kòu,
2894,胳,gē / gé / gā,胳膊,gē bó,胳臂,gē bei,
2895,傀,guī / kuǐ,傀儡,kuí lěi,傀儡戏,kuí lěi xì,
2896,陨,yǔn,陨石,yǔn shí,陨落,yǔn luò,
2897,剔,tī,剔除,tī chú,挑剔,tiāo tī,
2898,儡,lěi,傀儡,kuí lěi,傀儡戏,kuí lěi xì,
2899,嗓,sǎng,嗓子,sǎng zi,嗓音,sǎng yīn,
2900,姥,lǎo / mǔ,姥姥,lǎo lao,姥爷,lǎo yé,
2901,硝,xiāo,硝酸,xiāo suān,硝烟,xiāo yān,
2902,畸,jī,畸形,jī xíng,畸变,jī biàn,
2903,颊,jiá,脸颊,liǎn jiá,面颊,miàn jiá,
2904,茵,yīn,莱茵,lái yīn,绿茵,lǜ yīn,
2905,啰,luō / luó / luo,哈啰,hā luō,啰唆,luō suō,
2906,哆,duō,哆嗦,duō suo,打哆嗦,dǎ duō suo,
2907,炬,jù,火炬,huǒ jù,火炬手,huǒ jù shǒu,
2908,焕,huàn,焕发,huàn fā,,,
2909,蒜,suàn,大蒜,dà suàn,蒜头,suàn tóu,
2910,蔗,zhè,甘蔗,gān zhè,蔗糖,zhè táng,
2911,鳞,lín,鳞片,lín piàn,鱼鳞,yú lín,
2912,颅,lú,头颅,tóu lú,颅骨,lú gǔ,
2913,揪,jiū,揪出,jiū chū,揪心,jiū xīn,
2914,凳,dèng,板凳,bǎn dèng,凳子,dèng zi,
2915,煞,shā / shà,煞车,shā chē,煞气,shā qì,
2916,乓,pāng,乒乓,pīng pāng,乒乓球,pīng pāng qiú,
2917,劈,pī / pǐ,劈开,pī kāi,劈叉,pǐ chà,
2918,秽,huì,淫秽,yín huì,污秽,wū huì,
2919,磕,kē,磕头,kē tóu,磕碰,kē pèng,
2920,葵,kuí,向日葵,xiàng rì kuí,葵花,kuí huā,
2921,沛,pèi,充沛,chōng pèi,丰沛,fēng pèi,
2922,耸,sǒng,耸动,sǒng dòng,高耸,gāo sǒng,
2923,凹,āo / wā,凹陷,āo xiàn,凹凸,āo tū,
2924,孽,niè,罪孽,zuì niè,妖孽,yāo niè,
2925,菠,bō,菠萝,bō luó,菠菜,bō cài,
2926,暮,mù,日暮,rì mù,暮色,mù sè,
2927,蹦,bèng,蹦床,bèng chuáng,蹦极,bèng jí,
2928,熏,xūn,熏陶,xūn táo,烟熏,yān xūn,
2929,倚,yǐ,倚靠,yǐ kào,倚重,yǐ zhòng,
2930,俏,qiào,俏皮,qiào pí,俊俏,jùn qiào,
2931,糙,cāo,粗糙,cū cāo,糙米,cāo mǐ,
2932,咧,liě / liē / lie,咧嘴,lié zuǐ,咧咧,liē liē,
2933,婉,wǎn,委婉,wéi wǎn,婉拒,wǎn jù,
2934,瘟,wēn,瘟疫,wēn yì,猪瘟,zhū wēn,
2935,靡,mí / mǐ,风靡,fēng mǐ,萎靡,wéi mǐ,
2936,枫,fēng,枫叶,fēng yè,枫树,fēng shù,
2937,邑,yì,采邑,cài yì,城邑,chéng yì,
2938,疤,bā,伤疤,shāng bā,疤痕,bā hén,
2939,辙,zhé,覆辙,fù zhé,没辙,méi zhé,
2940,窒,zhì,窒息,zhì xī,窒碍,zhì ài,
2941,枉,wǎng,冤枉,yuān wǎng,枉然,wǎng rán,
2942,眨,zhǎ,眨眼,zhǎ yǎn,一眨眼,yī zhǎ yǎn,
2943,酥,sū,酥脆,sū cuì,酥油,sū yóu,
2944,雏,chú,雏形,chú xíng,雏菊,chú jú,
2945,狡,jiǎo,狡诈,jiǎo zhà,狡辩,jiǎo biàn,
2946,惰,duò,懒惰,lǎn duò,惰性,duò xìng,
2947,聋,lóng,耳聋,ěr lóng,聋哑,lóng yǎ,
2948,俭,jiǎn,节俭,jié jiǎn,勤俭,qín jiǎn,
2949,掰,bāi,掰开,bāi kāi,掰掰,bāi bāi,
2950,肋,lèi,肋骨,lèi gǔ,鸡肋,jī lèi,
2951,殉,xùn,殉难,xùn nàn,殉职,xùn zhí,
2952,逞,chěng,得逞,dé chěng,逞强,chěng qiáng,
2953,饺,jiǎo,饺子,jiǎo zi,水饺,shuǐ jiǎo,
2954,酪,lào,奶酪,nǎi lào,乳酪,rǔ lào,
2955,徊,huái,徘徊,pái huái,,,
2956,哮,xiào,哮喘,xiāo chuǎn,哮喘病,xiāo chuǎn bìng,
2957,鸠,jiū,斑鸠,bān jiū,,,
2958,眷,juàn,眷顾,juàn gù,眷属,juàn shǔ,
2959,沐,mù,沐浴,mù yù,沐浴露,mù yù lù,
2960,唬,hǔ,吓唬,xià hǔ,唬人,hǔ rén,
2961,禾,hé,禾本科,hé běn kē,禾草,hé cǎo,
2962,呻,shēn,呻吟,shēn yín,,,
2963,呛,qiāng / qiàng,够呛,gòu qiàng,呛到,qiàng dào,
2964,擒,qín,生擒,shēng qín,擒获,qín huò,
2965,肴,yáo,菜肴,cài yáo,佳肴,jiā yáo,
2966,栅,zhà,栅栏,zhà lán,光栅,guāng shān,
2967,疹,zhěn,麻疹,má zhěn,湿疹,shī zhěn,
2968,蝎,xiē,蝎子,xiē zi,天蝎,tiān xiē,
2969,徘,pái,徘徊,pái huái,,,
2970,旭,xù,旭日,xù rì,,,
2971,莽,mǎng,鲁莽,lǔ mǎng,莽撞,mǎng zhuàng,
2972,痘,dòu,痘痘,dòu dòu,青春痘,qīng chūn dòu,
2973,掺,chān / shǎn,掺和,chān huo,掺水,càn shuǐ,
2974,叨,dāo / tāo,念叨,niàn dāo,叨叨,dāo dāo,
2975,埠,bù,商埠,shāng bù,港埠,gǎng bù,
2976,荔,lì,荔枝,lì zhī,番荔枝,fān lì zhī,
2977,绷,bēng / běng,绷带,bēng dài,紧绷,jǐn bēng,
2978,柿,shì,西红柿,xī hóng shì,柿子,shì zi,
2979,橱,chú,橱窗,chú chuāng,衣橱,yī chú,
2980,吩,fēn,吩咐,fēn fù,,,
2981,膛,táng,胸膛,xiōng táng,上膛,shàng táng,
2982,挟,xié / jiā,挟持,xié chí,要挟,yāo xié,
2983,砰,pēng,砰砰,pēng pēng,,,
2984,凄,qī,凄惨,qī cǎn,凄凉,qī liáng,
2985,菱,líng,菱形,líng xíng,菱角,líng jiǎo,
2986,绽,zhàn,绽放,zhàn fàng,破绽,pò zhàn,
2987,惭,cán,惭愧,cán kuì,羞惭,xiū cán,
2988,庶,shù,庶民,shù mín,富庶,fù shù,
2989,扼,è,扼杀,è shā,扼要,è yào,
2990,衙,yá,衙门,yá mén,衙署,yá shǔ,
2991,嗅,xiù,嗅觉,xiù jué,嗅探,xiù tàn,
2992,聂,niè,聂耳,niè ěr,聂卫平,niè wèi píng,
2993,瞪,dèng,瞪眼,dèng yǎn,干瞪眼,gān dèng yǎn,
2994,锥,zhuī,圆锥,yuán zhuī,锥形,zhuī xíng,
2995,邢,xíng,邢台市,xíng tái shì,,,
2996,琢,zuó / zhuó,琢磨,zhuó mó,雕琢,diāo zhuó,
2997,葫,hú,葫芦,hú lú,西葫芦,xī hú lú,
2998,琅,láng,琳琅,lín láng,,,
2999,酝,yùn,酝酿,yùn niàng,,,
3000,唾,tuò,唾液,tuò yè,唾弃,tuò qì,
3001,椰,yē,椰子,yē zi,椰林,yē lín,
3002,灶,zào,病灶,bìng zào,炉灶,lú zào,
3003,馅,xiàn,馅饼,xiàn bǐng,露馅,lòu xiàn,
3004,僻,pì,偏僻,piān pì,孤僻,gū pì,
3005,砌,qì / qiè,堆砌,duī qì,砌砖,qì zhuān,
3006,乍,zhà,乍现,zhà xiàn,乍看,zhà kàn,
3007,胰,yí,胰岛素,yí dǎo sù,胰腺,yí xiàn,
3008,奕,yì,陈奕迅,chén yì xùn,,,
3009,淳,chún,淳朴,chún pǔ,淳厚,chún hòu,
3010,荧,yíng,荧光,yíng guāng,荧幕,yíng mù,
3011,梧,wú,魁梧,kuí wú,梧桐,wú tóng,
3012,悯,mǐn,怜悯,lián mǐn,悲悯,bēi mǐn,
3013,赃,zāng,栽赃,zāi zāng,赃款,zāng kuǎn,
3014,桨,jiǎng,螺旋桨,luó xuán jiǎng,划桨,huá jiǎng,
3015,恍,huǎng,恍若,huǎng ruò,恍然,huǎng rán,
3016,灼,zhuó,灼伤,zhuó shāng,灼热,zhuó rè,
3017,絮,xù,花絮,huā xù,絮语,xù yǔ,
3018,袱,fú,包袱,bāo fú,,,
3019,撮,cuō / zuǒ,撮合,cuō hé,一小撮,yì xiǎo cuō,
3020,鹦,yīng,鹦哥,yīng gē,鹦鹉,yīng wǔ,
3021,钾,jiǎ,钾盐,jiǎ yán,氯化钾,lǜ huà jiǎ,
3022,锌,xīn,氧化锌,yǎng huà xīn,氯化锌,lǜ huà xīn,
3023,壹,yī,,,,,
3024,苔,tái / tāi,海苔,hǎi tái,青苔,qīng tái,
3025,寥,liáo,寥寥,liáo liáo,寂寥,jì liáo,
3026,棠,táng,海棠,hǎi táng,秋海棠,qiū hǎi táng,
3027,祠,cí,祠堂,cí táng,宗祠,zōng cí,
3028,旷,kuàng,空旷,kōng kuàng,旷野,kuàng yě,
3029,膳,shàn,膳食,shàn shí,药膳,yào shàn,
3030,阎,yán,阎王,yán wáng,阎锡山,yán xī shān,
3031,苟,gǒu,苟同,gǒu tóng,苟且,góu qiě,
3032,搂,lǒu / lōu,搂住,lǒu zhù,搂抱,lǒu bào,
3033,疮,chuāng,冻疮,dòng chuāng,暗疮,àn chuāng,
3034,蹄,tí,马蹄,mǎ tí,蹄子,tí zi,
3035,蔚,wèi / yù,蔚蓝,wèi lán,蔚成,wèi chéng,
3036,揣,chuāi / chuǎi / chuài,揣测,chuǎi cè,揣摩,chuǎi mó,
3037,烁,shuò,闪烁,shǎn shuò,,,
3038,蚕,cán,蚕食,cán shí,蚕丝,cán sī,
3039,渤,bó,渤海,bó hǎi,渤海湾,bó hǎi wān,
3040,镐,gǎo / hào,镐头,gǎo tóu,十字镐,shí zì gǎo,
3041,堰,yàn,围堰,wéi yàn,堰塞湖,yàn sè hú,
3042,蜗,wō,蜗牛,wō niú,耳蜗,ěr wō,
3043,澎,péng,澎湃,pēng pài,,,
3044,痊,quán,痊愈,quán yù,,,
3045,霹,pī,霹雷,pī léi,霹雳,pī lì,
3046,庵,ān,庵堂,ān táng,,,
3047,疚,jiù,内疚,nèi jiù,愧疚,kuì jiù,
3048,娩,miǎn / wǎn,分娩,fēn miǎn,,,
3049,镀,dù,镀金,dù jīn,电镀,diàn dù,
3050,踊,yǒng,踊跃,yǒng yuè,,,
3051,栓,shuān,血栓,xuè shuān,栓塞,shuān sè,
3052,犁,lí,犁头,lí tóu,犁地,lí dì,
3053,竿,gān,竹竿,zhú gān,鱼竿,yú gān,
3054,怯,qiè,胆怯,dǎn qiè,怯懦,qiè nuò,
3055,昼,zhòu,昼夜,zhòu yè,白昼,bái zhòu,
3056,雳,lì,霹雳,pī lì,霹雳舞,pī lì wǔ,
3057,鹉,wǔ,鹦鹉,yīng wǔ,鹦鹉螺,yīng wǔ luó,
3058,穗,suì,麦穗,mài suì,果穗,guǒ suì,
3059,拙,zhuō,笨拙,bèn zhuō,拙劣,zhuō liè,
3060,雁,yàn,大雁,dà yàn,鸿雁,hóng yàn,
3061,卤,lǔ,卤素,lǔ sù,卤化,lǔ huà,
3062,啃,kěn,啃书,kěn shū,啃老族,kěn lǎo zú,
3063,躬,gōng,躬身,gōng shēn,躬行,gōng xíng,
3064,瞳,tóng,瞳孔,tóng kǒng,瞳仁,tóng rén,
3065,晦,huì,隐晦,yǐn huì,晦涩,huì sè,
3066,滔,tāo,滔滔,tāo tāo,滔天,tāo tiān,
3067,盏,zhǎn,灯盏,dēng zhǎn,,,
3068,眶,kuàng,眼眶,yǎn kuàng,,,
3069,锣,luó,锣鼓,luó gǔ,铜锣,tóng luó,
3070,惶,huáng,惶恐,huáng kǒng,惊惶,jīng huáng,
3071,镰,lián,镰刀,lián dāo,开镰,kāi lián,
3072,蹂,róu,蹂躏,róu lìn,,,
3073,躏,lìn,蹂躏,róu lìn,,,
3074,渺,miǎo,渺小,miǎo xiǎo,渺茫,miǎo máng,
3075,掐,qiā,掐死,qiā sǐ,掐断,qiā duàn,
3076,浊,zhuó,浑浊,hún zhuó,混浊,hùn zhuó,
3077,黔,qián,黔首,qián shǒu,,,
3078,匣,xiá,弹匣,dàn xiá,匣子,xiá zi,
3079,篱,lí,围篱,wéi lí,树篱,shù lí,
3080,饵,ěr,诱饵,yòu ěr,鱼饵,yú ěr,
3081,贰,èr,贰臣,èr chén,,,
3082,溅,jiàn,飞溅,fēi jiàn,四溅,sì jiàn,
3083,楷,kǎi / jiē,楷模,kǎi mó,楷书,kǎi shū,
3084,抠,kōu,抠门,kōu mén,抠字眼,kōu zì yǎn,
3085,彬,bīn,彬彬,bīn bīn,,,
3086,屉,tì,抽屉,chōu tì,笼屉,lóng tì,
3087,勺,sháo,勺子,sháo zi,后脑勺,hòu nǎo sháo,
3088,墩,dūn,桥墩,qiáo dūn,墩子,dūn zi,
3089,锚,máo,抛锚,pāo máo,起锚,qǐ máo,
3090,鹃,juān,杜鹃,dù juān,杜鹃花,dù juān huā,
3091,芥,jiè / gài,芥末,jiè mò,芥菜,jiè cài,
3092,凛,lǐn,凛冽,lǐn liè,,,
3093,秤,chèng / chēng,天秤,tiān chèng,杆秤,gǎn chèng,
3094,谚,yàn,谚语,yàn yǔ,俗谚,sú yàn,
3095,粟,sù,粟米,sù mǐ,粟子,sù zi,
3096,夭,yāo,夭折,yāo zhé,早夭,zǎo yāo,
3097,灸,jiǔ,针灸,zhēn jiǔ,艾灸,ài jiǔ,
3098,嚷,rǎng,嚷嚷,rāng rang,叫嚷,jiào rǎng,
3099,舵,duò,掌舵,zhǎng duò,舵手,duò shǒu,
3100,肘,zhǒu,手肘,shǒu zhǒu,肘子,zhǒu zi,
3101,蝉,chán,蝉联,chán lián,寒蝉,hán chán,
3102,陡,dǒu,陡然,dǒu rán,陡坡,dǒu pō,
3103,幌,huǎng,幌子,huǎng zi,,,
3104,壕,háo,战壕,zhàn háo,壕沟,háo gōu,
3105,缕,lǚ,丝缕,sī lǚ,繁缕,fán lǚ,
3106,萍,píng,浮萍,fú píng,,,
3107,糯,nuò,糯米,nuò mǐ,糯米粉,nuò mǐ fěn,
3108,嬉,xī,嬉戏,xī xì,嬉皮,xī pí,
3109,蹭,cèng,磨蹭,mó cèng,,,
3110,柑,gān,柑橘,gān jú,蜜柑,mì gān,
3111,莺,yīng,夜莺,yè yīng,黄莺,huáng yīng,
3112,窘,jiǒng,窘境,jiǒng jìng,窘迫,jiǒng pò,
3113,漩,xuán,漩涡,xuán wō,,,
3114,骏,jùn,骏马,jùn mǎ,,,
3115,馋,chán,馋嘴,chán zuǐ,解馋,jiě chán,
3116,檀,tán,紫檀,zǐ tán,檀香,tán xiāng,
3117,撩,liāo / liáo,撩人,liáo rén,撩妹,liāo mèi,
3118,攒,zǎn / cuán,积攒,jī zǎn,攒钱,zǎn qián,
3119,驹,jū,马驹,mǎ jū,龙驹,lóng jū,
3120,褒,bāo,褒扬,bāo yáng,褒贬,bāo biǎn,
3121,鞠,jū,鞠躬,jū gōng,,,
3122,沥,lì,沥青,lì qīng,沥干,lì gàn,
3123,笋,sǔn,芦笋,lú sǔn,竹笋,zhú sǔn,
3124,辫,biàn,辫子,biàn zi,小辫子,xiǎo biàn zi,
3125,叽,jī,磨叽,mó jī,,,
3126,涤,dí,洗涤,xǐ dí,洗涤剂,xǐ dí jì,
3127,痹,bì,麻痹,má bì,痹证,bì zhèng,
3128,淤,yū,淤泥,yū ní,淤积,yū jī,
3129,忱,chén,热忱,rè chén,谢忱,xiè chén,
3130,桦,huà,桦木,huà mù,桦树,huà shù,
3131,蚌,bàng / bèng,河蚌,hé bàng,蚌壳,bàng ké,
3132,擂,léi / lèi,擂台,lèi tái,擂台赛,lèi tái sài,
3133,怠,dài,懈怠,xiè dài,怠慢,dài màn,
3134,藐,miǎo,藐视,miǎo shì,,,
3135,碾,niǎn,碾压,niǎn yā,碾碎,niǎn suì,
3136,澈,chè,清澈,qīng chè,澄澈,chéng chè,
3137,沽,gū,塘沽,táng gū,汉沽,hàn gū,
3138,楞,léng / lèng,瓦楞,wǎ léng,瓦楞纸,wǎ léng zhǐ,
3139,腌,yān / ā,腌制,yān zhì,腌肉,yān ròu,
3140,汹,xiōng,汹涌,xiōng yǒng,,,
3141,腋,yè,腋毛,yè máo,腋下,yè xià,
3142,匾,biǎn,匾额,biǎn é,牌匾,pái biǎn,
3143,匕,bǐ,匕首,bǐ shǒu,,,
3144,烙,lào / luò,烙印,lào yìn,烙饼,lào bǐng,
3145,螃,páng,螃蟹,páng xiè,,,
3146,刁,diāo,刁难,diāo nàn,刁蛮,diāo mán,
3147,拧,níng / nǐng / nìng,拧开,níng kāi,,,
3148,籽,zǐ,油菜籽,yóu cài zǐ,菜籽,cài zǐ,
3149,钧,jūn,,,,,
3150,紊,wěn,紊乱,wěn luàn,紊流,wěn liú,
3151,捂,wǔ,捂住,wǔ zhù,捂脸,wǔ liǎn,
3152,猖,chāng,猖狂,chāng kuáng,,,
3153,冗,rǒng,冗长,rǒng cháng,冗余,rǒng yú,
3154,猾,huá,狡猾,jiǎo huá,奸猾,jiān huá,
3155,褪,tuì / tùn,褪色,tuì shǎi,褪去,tùn qù,
3156,璧,bì,合璧,hé bì,完璧,wán bì,
3157,淌,tǎng,流淌,liú tǎng,淌泪,tǎng lèi,
3158,稠,chóu,稠密,chóu mì,粘稠,nián chóu,
3159,洼,wā,低洼,dī wā,洼地,wā dì,
3160,懊,ào,懊悔,ào huǐ,懊恼,ào nǎo,
3161,筷,kuài,筷子,kuài zi,碗筷,wǎn kuài,
3162,矗,chù,矗立,chù lì,,,
3163,诲,huì,教诲,jiào huì,,,
3164,蕊,ruǐ,雄蕊,xióng ruǐ,花蕊,huā ruǐ,
3165,刨,páo / bào,刨冰,bào bīng,刨床,bào chuáng,
3166,唧,jī,唧唧,jī jī,吧唧,bā jī,
3167,莹,yíng,晶莹,jīng yíng,清莹,qīng yíng,
3168,缤,bīn,缤纷,bīn fēn,,,
3169,祟,suì,作祟,zuò suì,鬼祟,guǐ suì,
3170,甥,shēng,外甥,wài shēng,外甥女,wài shēng nǚ,
3171,岔,chà,岔路,chà lù,岔开,chà kāi,
3172,搓,cuō,揉搓,róu cuō,搓洗,cuō xǐ,
3173,拣,jiǎn,拣选,jiǎn xuǎn,分拣,fēn jiǎn,
3174,酗,xù,酗酒,xù jiǔ,,,
3175,瘩,da / dá,疙瘩,gē da,面疙瘩,miàn gē da,
3176,疙,gē,疙瘩,gē da,面疙瘩,miàn gē da,
3177,囱,cōng / chuāng,烟囱,yān cōng,,,
3178,羔,gāo,羔羊,gāo yáng,羊羔,yáng gāo,
3179,漓,lí,淋漓,lín lí,,,
3180,唠,láo / lào,唠叨,láo dāo,叨唠,dāo láo,
3181,钳,qián,钳子,qián zi,钳制,qián zhì,
3182,碘,diǎn,碘化钾,diǎn huà jiǎ,碘化银,diǎn huà yín,
3183,酌,zhuó,酌情,zhuó qíng,小酌,xiǎo zhuó,
3184,鸥,ōu,海鸥,hǎi ōu,遗鸥,yí ōu,
3185,禀,bǐng,禀赋,bǐng fù,禀告,bǐng gào,
3186,樟,zhāng,樟树,zhāng shù,樟脑,zhāng nǎo,
3187,蛾,é,飞蛾,fēi é,蛾子,é zi,
3188,疟,nüè / yào,疟疾,nüè jí,疟原虫,nüè yuán chóng,
3189,笆,bā,篱笆,lí bā,竹篱笆,zhú lí bā,
3190,赘,zhuì,累赘,léi zhuì,赘肉,zhuì ròu,
3191,颓,tuí,颓废,tuí fèi,颓势,tuí shì,
3192,宦,huàn,宦官,huàn guān,官宦,guān huàn,
3193,蜒,yán,蜿蜒,wān yán,蚰蜒,yóu yán,
3194,茸,róng,毛茸茸,máo róng róng,鹿茸,lù rōng,
3195,拭,shì,擦拭,cā shì,拭子,shì zi,
3196,痰,tán,化痰,huà tán,吐痰,tǔ tán,
3197,隅,yú,向隅,xiàng yú,海隅,hǎi yú,
3198,羹,gēng,闭门羹,bì mén gēng,调羹,tiáo gēng,
3199,汞,gǒng,氧化汞,yǎng huà gǒng,汞灯,gǒng dēng,
3200,蠕,rú,蠕虫,rú chóng,蠕动,rú dòng,
3201,叼,diāo,,,,,
3202,咆,páo,咆哮,páo xiāo,,,
3203,跷,qiāo,高跷,gāo qiāo,跷跷板,qiāo qiāo bǎn,
3204,砾,lì,瓦砾,wǎ lì,砾石,lì shí,
3205,掖,yē / yè,奖掖,jiǎng yè,宫掖,gōng yè,
3206,炕,kàng,土炕,tǔ kàng,,,
3207,啄,zhuó,啄木鸟,zhuó mù niǎo,啄食,zhuó shí,
3208,吠,fèi,狂吠,kuáng fèi,狗吠,gǒu fèi,
3209,苞,bāo,开苞,kāi bāo,苞片,bāo piàn,
3210,涕,tì,鼻涕,bí tì,流鼻涕,liú bí tì,
3211,枷,jiā,枷锁,jiā suǒ,连枷,lián jiā,
3212,磺,huáng,牛磺酸,niú huáng suān,,,
3213,馏,liú / liù,蒸馏,zhēng liú,蒸馏水,zhēng liú shuǐ,
3214,吝,lìn,不吝,bú lìn,吝惜,lìn xī,
3215,侥,jiǎo / yáo,侥幸,jiǎo xìng,,,
3216,嗦,suō,哆嗦,duō suo,打哆嗦,dǎ duō suo,
3217,嚎,háo,哀嚎,āi háo,嚎叫,háo jiào,
3218,撬,qiào,撬动,qiào dòng,撬开,qiào kāi,
3219,檐,yán,屋檐,wū yán,房檐,fáng yán,
3220,讥,jī,讥讽,jī fěng,讥笑,jī xiào,
3221,娄,lóu,娄子,lóu zi,捅娄子,tǒng lóu zi,
3222,晾,liàng,晾晒,liàng shài,晾干,liàng gān,
3223,碉,diāo,碉堡,diāo bǎo,,,
3224,殃,yāng,遭殃,zāo yāng,殃及,yāng jí,
3225,啼,tí,啼哭,tí kū,啼声,tí shēng,
3226,鸯,yāng,鸳鸯,yuān yāng,鸳鸯浴,yuān yāng yù,
3227,芋,yù,芋头,yù tou,洋芋,yáng yù,
3228,拂,fú / bì,拂晓,fú xiǎo,吹拂,chuī fú,
3229,鸳,yuān,鸳鸯,yuān yāng,鸳鸯浴,yuān yāng yù,
3230,峭,qiào,陡峭,dǒu qiào,峭壁,qiào bì,
3231,焙,bèi,烘焙,hōng bèi,焙烧,bèi shāo,
3232,苇,wěi,芦苇,lú wěi,芦苇荡,lú wěi dàng,
3233,脐,qí,肚脐,dù qí,脐带,qí dài,
3234,蜕,tuì,蜕变,tuì biàn,蜕皮,tuì pí,
3235,蹋,tà,糟蹋,zāo tà,,,
3236,嘶,sī,嘶哑,sī yǎ,嘶吼,sī hǒu,
3237,樊,fán,樊篱,fán lí,樊笼,fán lóng,
3238,奄,yǎn / yān,,,,,
3239,窖,jiào,地窖,dì jiào,酒窖,jiǔ jiào,
3240,唆,suō,教唆,jiào suō,挑唆,tiǎo suō,
3241,倔,jué / juè,倔强,jué jiàng,,,
3242,茬,chá,找茬,zhǎo chá,话茬,huà chá,
3243,伶,líng,名伶,míng líng,优伶,yōu líng,
3244,狈,bèi,狼狈,láng bèi,,,
3245,昙,tán,昙花,tán huā,,,
3246,轧,yà / zhá / gá,轧钢,zhá gāng,轧制,yà zhì,
3247,裆,dāng,裤裆,kù dāng,开裆裤,kāi dāng kù,
3248,梢,shāo,树梢,shù shāo,末梢,mò shāo,
3249,蝗,huáng,蝗虫,huáng chóng,蝗灾,huáng zāi,
3250,鳖,biē,土鳖,tǔ biē,鳖甲,biē jiǎ,
3251,锄,chú,锄头,chú tou,锄奸,chú jiān,
3252,翩,piān,翩翩,piān piān,联翩,lián piān,
3253,纫,rèn,缝纫,féng rèn,缝纫机,féng rèn jī,
3254,垢,gòu,污垢,wū gòu,水垢,shuǐ gòu,
3255,惦,diàn,惦记,diàn jì,惦念,diàn niàn,
3256,讹,é,讹诈,é zhà,讹传,é chuán,
3257,憨,hān,憨厚,hān hòu,憨直,hān zhí,
3258,胧,lóng,朦胧,méng lóng,朦胧诗,méng lóng shī,
3259,袒,tǎn,偏袒,piān tǎn,袒护,tǎn hù,
3260,鹊,què,喜鹊,xǐ què,鹊桥,què qiáo,
3261,簇,cù,簇拥,cù yōng,簇新,cù xīn,
3262,迂,yū,迂回,yū huí,迂腐,yū fǔ,
3263,汛,xùn,防汛,fáng xùn,汛期,xùn qī,
3264,漱,shù,洗漱,xǐ shù,漱口,shù kǒu,
3265,芹,qín,芹菜,qín cài,欧芹,ōu qín,
3266,锰,měng,锰矿,měng kuàng,,,
3267,摹,mó,临摹,lín mó,描摹,miáo mó,
3268,稼,jià,庄稼,zhuāng jià,庄稼汉,zhuāng jià hàn,
3269,襟,jīn,胸襟,xiōng jīn,襟翼,jīn yì,
3270,蟆,má,蛤蟆,há ma,癞蛤蟆,lài há ma,
3271,嗡,wēng,嗡嗡,wēng wēng,嗡嗡声,wēng wēng shēng,
3272,箍,gū,金箍棒,jīn gū bàng,紧箍咒,jǐn gū zhòu,
3273,藕,ǒu,莲藕,lián ǒu,,,
3274,蔼,ǎi,和蔼,hé ǎi,蔼蔼,ǎi ǎi,
3275,舷,xián,右舷,yòu xián,左舷,zuǒ xián,
3276,茧,jiǎn,蚕茧,cán jiǎn,老茧,lǎo jiǎn,
3277,炊,chuī,炊事,chuī shì,炊具,chuī jù,
3278,弛,chí,松弛,sōng chí,废弛,fèi chí,
3279,胯,kuà,胯骨,kuà gǔ,,,
3280,帚,zhǒu,扫帚,sào zhǒu,扫帚星,sào zhǒu xīng,
3281,豌,wān,豌豆,wān dòu,香豌豆,xiāng wān dòu,
3282,眯,mī / mí,笑眯眯,xiào mī mī,眯缝,mī fèng,
3283,脓,nóng,脓肿,nóng zhǒng,脓包,nóng bāo,
3284,斟,zhēn,斟酌,zhēn zhuó,斟酒,zhēn jiǔ,
3285,夯,hāng / bèn,夯实,hāng shí,夯土,hāng tǔ,
3286,绢,juàn,手绢,shǒu juàn,,,
3287,喳,zhā / chā,喳喳,zhā zhā,,,
3288,泞,nìng,泥泞,ní nìng,,,
3289,囤,dùn / tún,囤积,tún jī,囤货,dùn huò,
3290,吮,shǔn,吮吸,shǔn xī,吸吮,xī shǔn,
3291,猬,wèi,刺猬,cì wèi,,,
3292,缭,liáo,缭绕,liáo rào,缭乱,liáo luàn,
3293,辕,yuán,车辕,chē yuán,,,
3294,赡,shàn,赡养,shàn yǎng,赡养费,shàn yǎng fèi,
3295,朦,méng,朦胧,méng lóng,朦胧诗,méng lóng shī,
3296,惋,wǎn,惋惜,wǎn xī,,,
3297,铛,dāng / chēng,铃铛,líng dāng,铛铛,dāng dāng,
3298,筏,fá,木筏,mù fá,筏子,fá zi,
3299,骡,luó,骡子,luó zi,骡马,luó mǎ,
3300,瓮,wèng,瓮城,wèng chéng,,,
3301,秆,gǎn,禾秆,hé gǎn,秸秆,jiē gǎn,
3302,臼,jiù,脱臼,tuō jiù,臼齿,jiù chǐ,
3303,睬,cǎi,理睬,lǐ cǎi,,,
3304,蘸,zhàn,,,,,
3305,屹,yì,屹立,yì lì,,,
3306,毡,zhān,毛毡,máo zhān,毡房,zhān fáng,
3307,嫡,dí,嫡系,dí xì,嫡传,dí chuán,
3308,箫,xiāo,吹箫,chuī xiāo,排箫,pái xiāo,
3309,袄,ǎo,棉袄,mián ǎo,,,
3310,湃,pài,澎湃,pēng pài,,,
3311,巍,wēi,巍巍,wēi wēi,巍然,wēi rán,
3312,悴,cuì,憔悴,qiáo cuì,,,
3313,憔,qiáo,憔悴,qiáo cuì,,,
3314,槐,huái,槐树,huái shù,洋槐,yáng huái,
3315,兢,jīng,战兢兢,zhàn jīng jīng,,,
3316,坷,kě / kē,坎坷,kán kě,坷垃,kē lā,
3317,鸵,tuó,鸵鸟,tuó niǎo,,,
3318,俐,lì,伶俐,líng lì,,,
3319,榕,róng,榕树,róng shù,,,
3320,裳,shang / cháng,衣裳,yī shang,,,
3321,瘸,qué,瘸子,qué zi,瘸腿,qué tuǐ,
3322,蛆,qū,蛆虫,qū chóng,蝇蛆,yíng qū,
3323,癣,xuǎn,牛皮癣,niú pí xuǎn,干癣,gàn xuǎn,
3324,硼,péng,硼酸,péng suān,硼砂,péng shā,
3325,谒,yè,拜谒,bài yè,谒陵,yè líng,
3326,搔,sāo,搔痒,sāo yǎng,搔扰,sāo rǎo,
3327,吱,zhī / zī,吱声,zhī shēng,吱呀,zhī ya,
3328,玷,diàn,玷污,diàn wū,玷辱,diàn rǔ,
3329,圃,pǔ,苗圃,miáo pǔ,花圃,huā pǔ,
3330,笙,shēng,芦笙,lú shēng,笙歌,shēng gē,
3331,驮,tuó / duò,驮运,tuó yùn,驮马,tuó mǎ,
3332,荤,hūn / xūn,荤菜,hūn cài,开荤,kāi hūn,
3333,糜,mí / méi,糜烂,mí làn,肉糜,ròu mí,
3334,刽,guì,刽子手,guì zi shǒu,,,
3335,嘀,dí / dī,嘀咕,dí gū,犯嘀咕,fàn dí gū,
3336,蒿,hāo,艾蒿,ài hāo,青蒿素,qīng hāo sù,
3337,蚪,dǒu,蝌蚪,kē dǒu,,,
3338,闰,rùn,闰年,rùn nián,闰月,rùn yuè,
3339,椿,chūn,香椿,xiāng chūn,,,
3340,榔,láng,榔头,láng tou,榔榆,láng yú,
3341,涧,jiàn,山涧,shān jiàn,溪涧,xī jiàn,
3342,岖,qū,崎岖,qí qū,,,
3343,蝌,kē,蝌蚪,kē dǒu,,,
3344,愕,è,惊愕,jīng è,错愕,cuò è,
3345,簸,bǒ / bò,颠簸,diān bǒ,簸箕,bò jī,
3346,锭,dìng,银锭,yín dìng,,,
3347,掸,dǎn,掸子,dǎn zi,,,
3348,捶,chuí,捶打,chuí dǎ,捶背,chuí bèi,
3349,攘,rǎng,扰攘,rǎo rǎng,熙攘,xī rǎng,
3350,吭,kēng / háng,吭声,kēng shēng,吭气,kēng qì,
3351,缎,duàn,缎带,duàn dài,绸缎,chóu duàn,
3352,楔,xiē,楔形,xiē xíng,楔子,xiē zi,
3353,拴,shuān,拴住,shuān zhù,,,
3354,蚤,zǎo,跳蚤,tiào zǎo,,,
3355,捎,shāo,捎来,shāo lái,捎信,shāo xìn,
3356,涮,shuàn,开涮,kāi shuàn,涮羊肉,shuàn yáng ròu,
3357,蜓,tíng,蜻蜓,qīng tíng,,,
3358,馁,něi,气馁,qì něi,,,
3359,癞,lài,癞蛤蟆,lài há ma,癞皮狗,lài pí gǒu,
3360,皿,mǐn,器皿,qì mǐn,培养皿,péi yǎng mǐn,
3361,韭,jiǔ,韭菜,jiǔ cài,韭黄,jiǔ huáng,
3362,耙,bà / pá,钉耙,dīng pá,耙子,pá zi,
3363,蹬,dēng / dèng,脚蹬,jiǎo dēng,蹬腿,dēng tuǐ,
3364,蜻,qīng,蜻蜓,qīng tíng,蜻蛉,qīng líng,
3365,桅,wéi,桅杆,wéi gān,前桅,qián wéi,
3366,秧,yāng,秧歌,yāng gē,插秧,chā yāng,
3367,玖,jiǔ,,,,,
3368,彤,tóng,红彤彤,hóng tóng tóng,,,
3369,唁,yàn,吊唁,diào yàn,唁电,yàn diàn,
3370,腮,sāi,腮红,sāi hóng,腮腺炎,sāi xiàn yán,
3371,潦,lǎo / liáo,潦倒,liáo dǎo,潦草,liáo cǎo,
3372,跛,bǒ,跛脚,bǒ jiǎo,跛子,bǒ zi,
3373,榛,zhēn,榛子,zhēn zi,榛果,zhēn guǒ,
3374,涝,lào,洪涝,hóng lào,内涝,nèi lào,
3375,漾,yàng,荡漾,dàng yàng,,,
3376,忿,fèn,不忿,bú fèn,怨忿,yuàn fèn,
3377,瓢,piáo,瓢虫,piáo chóng,瓢泼,piáo pō,
3378,荚,jiá,豆荚,dòu jiá,荚果,jiá guǒ,
3379,筐,kuāng,篮筐,lán kuāng,箩筐,luó kuāng,
3380,恃,shì,自恃,zì shì,仗恃,zhàng shì,
3381,蟋,xī,蟋蟀,xī shuài,,,
3382,镣,liào,脚镣,jiǎo liào,镣铐,liào kào,
3383,箕,jī,簸箕,bò jī,,,
3384,峦,luán,山峦,shān luán,峰峦,fēng luán,
3385,蟀,shuài,蟋蟀,xī shuài,,,
3386,雹,báo,冰雹,bīng báo,雹灾,báo zāi,
3387,荞,qiáo,荞麦,qiáo mài,,,
3388,耘,yún,耕耘,gēng yún,,,
3389,瘪,biě,瘪三,biē sān,干瘪,gān biě,
3390,粱,liáng,高粱,gāo liáng,红高粱,hóng gāo liáng,
3391,蚓,yǐn,蚯蚓,qiū yǐn,,,
3392,跺,duò,跺脚,duò jiǎo,,,
3393,虱,shī,虱子,shī zi,阴虱,yīn shī,
3394,秸,jiē,秸秆,jiē gǎn,麦秸,mài jiē,
3395,捻,niǎn,捻军,niǎn jūn,,,
3396,叁,sān,,,,,
3397,搀,chān,搀扶,chān fú,搀和,chān huo,
3398,拗,ǎo / ào / niù,执拗,zhí niù,拗口,ào kǒu,
3399,蛀,zhù,蛀虫,zhù chóng,蛀牙,zhù yá,
3400,豺,chái,豺狼,chái láng,,,
3401,蛹,yǒng,蚕蛹,cán yǒng,,,
3402,茁,zhuó,茁壮,zhuó zhuàng,,,
3403,脯,pú / fǔ,胸脯,xiōng pú,果脯,guǒ pú,
3404,燎,liáo / liǎo,燎原,liáo yuán,火燎,huǒ liáo,
3405,酣,hān,酣睡,hān shuì,酣畅,hān chàng,
3406,涎,xián,垂涎,chuí xián,龙涎香,lóng xián xiāng,
3407,蜈,wú,蜈蚣,wú gōng,,,
3408,蚣,gōng,蜈蚣,wú gōng,,,
3409,衩,chǎ / chà,裤衩,kù chǎ,开衩,kāi chǎ,
3410,糠,kāng,米糠,mǐ kāng,糠疹,kāng zhěn,
3411,砚,yàn,砚台,yàn tāi,砚池,yàn chí,
3412,褂,guà,白大褂,bái dà guà,马褂,mǎ guà,
3413,嗤,chī,嗤笑,chī xiào,,,
3414,恬,tián,恬静,tián jìng,恬淡,tián dàn,
3415,揩,kāi,揩油,kāi yóu,,,
3416,垛,duǒ / duò,垛口,duó kǒu,,,
3417,撵,niǎn,撵走,niǎn zǒu,撵出,niǎn chū,
3418,楣,méi,门楣,mén méi,,,
3419,鲫,jì,鲫鱼,jì yú,,,
3420,缨,yīng,请缨,qǐng yīng,红缨枪,hóng yīng qiāng,
3421,抡,lūn / lún,,,,,
3422,铣,xǐ / xiǎn,铣床,xǐ chuáng,铣工,xǐ gōng,
3423,蚯,qiū,蚯蚓,qiū yǐn,,,
3424,梆,bāng,梆子,bāng zi,梆子腔,bāng zi qiāng,
3425,铆,mǎo,铆钉,mǎo dīng,铆接,mǎo jiē,
3426,褥,rù,被褥,bèi rù,褥疮,rù chuāng,
3427,鬓,bìn,鬓角,bìn jiǎo,云鬓,yún bìn,
3428,锹,qiāo,铁锹,tiě qiāo,,,
3429,黍,shǔ,玉蜀黍,yù shǔ shǔ,,,
3430,痢,lì,痢疾,lì jí,白痢,bái lì,
3431,佃,diàn / tián,佃农,diàn nóng,佃户,diàn hù,
3432,偎,wēi,依偎,yī wēi,,,
3433,篓,lǒu,篓子,lǒu zi,背篓,bēi lǒu,
3434,狞,níng,狞笑,níng xiào,狰狞,zhēng níng,
3435,搪,táng,搪瓷,táng cí,搪塞,táng sè,
3436,臊,sāo / sào,害臊,hài sào,臊子,sào zi,
3437,蚜,yá,蚜虫,yá chóng,,,
3438,捌,bā,,,,,
3439,坯,pī,土坯,tǔ pī,毛坯,máo pī,
3440,吆,yāo,吆喝,yāo hē,,,
3441,锉,cuò,锉刀,cuò dāo,,,
3442,狰,zhēng,狰狞,zhēng níng,,,
3443,涣,huàn,涣散,huàn sàn,,,
3444,幔,màn,地幔,dì màn,帐幔,zhàng màn,
3445,茴,huí,茴香,huí xiāng,小茴香,xiǎo huí xiāng,
3446,苫,shān,,,,,
3447,窿,lóng,窟窿,kū lóng,大耳窿,dà ěr lóng,
3448,缰,jiāng,缰绳,jiāng shéng,脱缰,tuō jiāng,
3449,揖,yī,作揖,zuò yī,长揖,cháng yī,
3450,矾,fán,明矾,míng fán,铝矾土,lǚ fán tǔ,
3451,盹,dǔn,打盹,dá dǔn,,,
3452,舀,yǎo,舀水,yǎo shuǐ,,,
3453,掂,diān,掂量,diān liáng,,,
3454,碴,chá,冰碴,bīng chá,,,
3455,肄,yì,肄业,yì yè,肄业生,yì yè shēng,
3456,芍,sháo / què,芍药,sháo yào,白芍,bái sháo,
3457,滓,zǐ,渣滓,zhā zǐ,,,
3458,馍,mó,馍馍,mó mó,肉夹馍,ròu jiā mó,
3459,牍,dú,简牍,jiǎn dú,尺牍,chǐ dú,
3460,铡,zhá,铡刀,zhá dāo,,,
3461,赊,shē,赊账,shē zhàng,赊销,shē xiāo,
3462,蓖,bì,蓖麻,bì má,,,
3463,谆,zhūn,谆谆,zhūn zhūn,,,
3464,誊,téng,誊写,téng xiě,誊录,téng lù,
3465,箩,luó,箩筐,luó kuāng,一箩筐,yī luó kuāng,
3466,霎,shà,霎时,shà shí,霎时间,shà shí jiān,
3467,捺,nà,按捺,àn nà,,,
3468,翎,líng,翎毛,líng máo,翎子,líng zi,
3469,飒,sà,飒爽,sà shuǎng,飒飒,sà sà,
3470,蛉,líng,蜻蛉,qīng líng,螟蛉,míng líng,
3471,凫,fú,,,,,
3472,麸,fū,麦麸,mài fū,麸皮,fū pí,
3473,拄,zhǔ,,,,,
3474,挎,kuà,挎包,kuà bāo,挎斗,kuà dǒu,
3475,荠,jì / qí,荠菜,jì cài,荸荠,bí qí,
3476,膘,biāo,,,,,
3477,盅,zhōng,酒盅,jiǔ zhōng,,,
3478,蛔,huí,蛔虫,huí chóng,蛔虫病,huí chóng bìng,
3479,镊,niè,镊子,niè zi,,,
3480,埂,gěng,田埂,tián gěng,,,
3481,踱,duó,踱步,duó bù,,,
3482,嘹,liáo,嘹亮,liáo liàng,,,
3483,篙,gāo,竹篙,zhú gāo,,,
3484,杈,chā / chà,打杈,dǎ chà,,,
3485,晌,shǎng,半晌,bàn shǎng,晌午,shǎng wǔ,
3486,怔,zhēng / zhèng,怔住,zhèng zhù,怔怔,zhēng zhēng,
3487,螟,míng,螟蛉,míng líng,螟虫,míng chóng,
3488,瓤,ráng,,,,,
3489,嘁,qī,,,,,
3490,锨,xiān,铁锨,tiě xiān,,,
3491,荸,bí,荸荠,bí qí,,,
3492,蔫,niān,,,,,
3493,畦,qí,菜畦,cài qí,,,
3494,笤,tiáo,笤帚,tiáo zhǒu,,,
3495,檩,lǐn,,,,,
3496,柒,qī,,,,,
3497,秫,shú,秫秸,shú jiē,秫米,shú mǐ,
3498,秕,bǐ,糠秕,kāng bǐ,秕糠,bǐ kāng,
3499,乾,qián,,,,,
